{
    "order" : 100,
    "index_patterns" : [
      "rx-log-*"
    ],
    "settings" : {
      "index" : {
        "number_of_shards" : "3",
        "number_of_replicas" : "0"
      }
    },
    "mappings" : {
      "dynamic_templates" : [
        {
          "nested_object" : {
            "mapping" : {
              "type" : "nested"
            },
            "match_mapping_type" : "object",
            "match" : "*_nested"
          }
        },
        {
          "date" : {
            "mapping" : {
              "type" : "date"
            },
            "match" : "*_date"
          }
        },
        {
          "text" : {
            "mapping" : {
              "type" : "text"
            },
            "match" : "*_text"
          }
        },
        {
          "int" : {
            "mapping" : {
              "type" : "int"
            },
            "match" : "*_int"
          }
        },
        {
          "double" : {
            "mapping" : {
              "type" : "double"
            },
            "match" : "*_dbl"
          }
        },
        {
          "byte" : {
            "mapping" : {
              "type" : "byte"
            },
            "match" : "*_byte"
          }
        },
        {
          "keyword" : {
            "mapping" : {
              "type" : "keyword"
            },
            "match" : "*_keyword"
          }
        },
        {
          "string_to_keyword" : {
            "mapping" : {
              "ignore_above" : 8000,
              "type" : "keyword"
            },
            "match_mapping_type" : "string"
          }
        }
      ],
      "properties" : {
        "@timestamp" : {
          "type" : "date"
        },
        "@version" : {
          "type" : "keyword",
          "ignore_above" : 8000
        },
        "BeginChange" : {
          "type" : "long"
        },
        "BeginDuration" : {
          "type" : "long"
        },
        "ChangeSubstitution" : {
          "type" : "boolean"
        },
        "ChangeSubstitutiveName" : {
          "type" : "keyword",
          "ignore_above" : 8000
        },
        "DepartmentName" : {
          "type" : "keyword",
          "ignore_above" : 8000
        },
        "EmployeeName" : {
          "type" : "keyword",
          "ignore_above" : 8000
        },
        "EntityType" : {
          "type" : "keyword",
          "ignore_above" : 8000
        },
        "ExistsError" : {
          "type" : "boolean"
        },
        "Id" : {
          "type" : "long"
        },
        "IndexOperation" : {
          "type" : "keyword",
          "ignore_above" : 8000
        },
        "IsPlanVacation" : {
          "type" : "boolean"
        },
        "Operation" : {
          "type" : "keyword",
          "ignore_above" : 8000
        },
        "SubstitutiveName" : {
          "type" : "keyword",
          "ignore_above" : 8000
        },
        "TaskId" : {
          "type" : "long"
        },
        "action" : {
          "properties" : {
            "entityId" : {
              "type" : "long"
            },
            "entityName" : {
              "type" : "keyword",
              "ignore_above" : 8000
            },
            "moduleName" : {
              "type" : "keyword",
              "ignore_above" : 8000
            },
            "type" : {
              "type" : "keyword",
              "ignore_above" : 8000
            }
          }
        },
        "actionName" : {
          "type" : "keyword",
          "ignore_above" : 8000
        },
        "actionType" : {
          "type" : "keyword",
          "ignore_above" : 8000
        },
        "activate" : {
          "properties" : {
            "entityId" : {
              "type" : "long"
            },
            "entityName" : {
              "type" : "keyword",
              "ignore_above" : 8000
            },
            "moduleName" : {
              "type" : "keyword",
              "ignore_above" : 8000
            },
            "queryId" : {
              "type" : "keyword",
              "ignore_above" : 8000
            },
            "type" : {
              "type" : "keyword",
              "ignore_above" : 8000
            }
          }
        },
        "additionalInformation" : {
          "type" : "keyword",
          "ignore_above" : 8000
        },
        "apiRequest" : {
          "type" : "keyword",
          "ignore_above" : 8000
        },
        "asyncHandler" : {
          "type" : "keyword",
          "ignore_above" : 8000
        },
        "badStatus" : {
          "type" : "keyword",
          "ignore_above" : 8000
        },
        "browser" : {
          "type" : "keyword",
          "ignore_above" : 8000
        },
        "bytes" : {
          "type" : "long"
        },
        "clickTarget" : {
          "type" : "keyword",
          "ignore_above" : 8000
        },
        "columnHeader" : {
          "type" : "keyword",
          "ignore_above" : 8000
        },
        "context" : {
          "type" : "keyword",
          "ignore_above" : 8000
        },
        "controllerName" : {
          "type" : "keyword",
          "ignore_above" : 8000
        },
        "count" : {
          "type" : "long"
        },
        "createdTimestamp" : {
          "type" : "date"
        },
        "criterion_count" : {
          "type" : "long"
        },
        "deliveryTag" : {
          "type" : "keyword",
          "ignore_above" : 8000
        },
        "duration" : {
          "type" : "long"
        },
        "entitiesFullNames" : {
          "type" : "keyword",
          "ignore_above" : 8000
        },
        "executeActionLocation" : {
          "type" : "keyword",
          "ignore_above" : 8000
        },
        "executeDisabled" : {
          "type" : "keyword",
          "ignore_above" : 8000
        },
        "fields" : {
          "properties" : {
            "rx_server" : {
              "type" : "keyword",
              "ignore_above" : 8000
            }
          }
        },
        "folderId" : {
          "type" : "keyword",
          "ignore_above" : 8000
        },
        "foldersCount" : {
          "type" : "keyword",
          "ignore_above" : 8000
        },
        "generateReport" : {
          "type" : "keyword",
          "ignore_above" : 8000
        },
        "handlingMessagesCount" : {
          "type" : "keyword",
          "ignore_above" : 8000
        },
        "host" : {
          "type" : "keyword",
          "ignore_above" : 8000
        },
        "infoType" : {
          "type" : "keyword",
          "ignore_above" : 8000
        },
        "isManual" : {
          "type" : "keyword",
          "ignore_above" : 8000
        },
        "job" : {
          "type" : "keyword",
          "ignore_above" : 8000
        },
        "jobName" : {
          "type" : "keyword",
          "ignore_above" : 8000
        },
        "listTitle" : {
          "type" : "keyword",
          "ignore_above" : 8000
        },
        "log" : {
          "properties" : {
            "file" : {
              "properties" : {
                "path" : {
                  "type" : "keyword",
                  "ignore_above" : 8000
                }
              }
            },
            "flags" : {
              "type" : "keyword",
              "ignore_above" : 8000
            },
            "offset" : {
              "type" : "long"
            }
          }
        },
        "logLevel" : {
          "type" : "keyword",
          "ignore_above" : 8000
        },
        "logger" : {
          "type" : "keyword",
          "ignore_above" : 8000
        },
        "message" : {
          "type" : "text"
        },
        "messageId" : {
          "type" : "keyword",
          "ignore_above" : 8000
        },
        "mouseButton" : {
          "type" : "long"
        },
        "navigate" : {
          "properties" : {
            "entityId" : {
              "type" : "long"
            },
            "entityName" : {
              "type" : "keyword",
              "ignore_above" : 8000
            },
            "folderId" : {
              "type" : "long"
            },
            "moduleName" : {
              "type" : "keyword",
              "ignore_above" : 8000
            },
            "queryId" : {
              "type" : "keyword",
              "ignore_above" : 8000
            },
            "specialFolderName" : {
              "type" : "keyword",
              "ignore_above" : 8000
            },
            "type" : {
              "type" : "keyword",
              "ignore_above" : 8000
            }
          }
        },
        "newId" : {
          "type" : "keyword",
          "ignore_above" : 8000
        },
        "operation" : {
          "type" : "keyword",
          "ignore_above" : 8000
        },
        "operationContext" : {
          "type" : "keyword",
          "ignore_above" : 8000
        },
        "operationFolderId" : {
          "type" : "keyword",
          "ignore_above" : 8000
        },
        "operationFoldersCount" : {
          "type" : "keyword",
          "ignore_above" : 8000
        },
        "operationNewId" : {
          "type" : "keyword",
          "ignore_above" : 8000
        },
        "operationReportId" : {
          "type" : "keyword",
          "ignore_above" : 8000
        },
        "operationSize" : {
          "type" : "keyword",
          "ignore_above" : 8000
        },
        "operationStarted" : {
          "type" : "keyword",
          "ignore_above" : 8000
        },
        "operationType" : {
          "type" : "keyword",
          "ignore_above" : 8000
        },
        "processId" : {
          "type" : "keyword",
          "ignore_above" : 8000
        },
        "reportId" : {
          "type" : "keyword",
          "ignore_above" : 8000
        },
        "requestContainer" : {
          "type" : "keyword",
          "ignore_above" : 8000
        },
        "requestContent" : {
          "type" : "keyword",
          "ignore_above" : 8000
        },
        "requestContentSize" : {
          "type" : "keyword",
          "ignore_above" : 8000
        },
        "requestEntity" : {
          "type" : "keyword",
          "ignore_above" : 8000
        },
        "requestEntityId" : {
          "type" : "keyword",
          "ignore_above" : 8000
        },
        "requestEntityType" : {
          "type" : "keyword",
          "ignore_above" : 8000
        },
        "requestFunc" : {
          "type" : "keyword",
          "ignore_above" : 8000
        },
        "requestId" : {
          "type" : "keyword",
          "ignore_above" : 8000
        },
        "requestIdentifiers" : {
          "type" : "keyword",
          "ignore_above" : 8000
        },
        "requestName" : {
          "type" : "keyword",
          "ignore_above" : 8000
        },
        "requestOperation" : {
          "type" : "keyword",
          "ignore_above" : 8000
        },
        "requestReport" : {
          "type" : "keyword",
          "ignore_above" : 8000
        },
        "requestReportId" : {
          "type" : "keyword",
          "ignore_above" : 8000
        },
        "requestServiceName" : {
          "type" : "keyword",
          "ignore_above" : 8000
        },
        "requestSqlQueries" : {
          "type" : "keyword",
          "ignore_above" : 8000
        },
        "requestSqlRows" : {
          "type" : "keyword",
          "ignore_above" : 8000
        },
        "requestSqlTime" : {
          "type" : "keyword",
          "ignore_above" : 8000
        },
        "requestStarted" : {
          "type" : "keyword",
          "ignore_above" : 8000
        },
        "requestStatus" : {
          "type" : "keyword",
          "ignore_above" : 8000
        },
        "requestSystem" : {
          "properties" : {
            "Int32" : {
              "type" : "boolean"
            }
          }
        },
        "requestTotal" : {
          "type" : "keyword",
          "ignore_above" : 8000
        },
        "requestType" : {
          "type" : "keyword",
          "ignore_above" : 8000
        },
        "requestUrl" : {
          "type" : "keyword",
          "ignore_above" : 8000
        },
        "routingKey" : {
          "type" : "keyword",
          "ignore_above" : 8000
        },
        "search_base_type" : {
          "type" : "keyword",
          "ignore_above" : 8000
        },
        "search_criteria" : {
          "properties" : {
            "count" : {
              "type" : "long"
            },
            "name" : {
              "type" : "keyword",
              "ignore_above" : 8000
            },
            "operation" : {
              "type" : "keyword",
              "ignore_above" : 8000
            },
            "type" : {
              "type" : "keyword",
              "ignore_above" : 8000
            }
          }
        },
        "search_type" : {
          "type" : "keyword",
          "ignore_above" : 8000
        },
        "selectedEntity" : {
          "properties" : {
            "entityName" : {
              "type" : "keyword",
              "ignore_above" : 8000
            },
            "id" : {
              "type" : "long"
            },
            "moduleName" : {
              "type" : "keyword",
              "ignore_above" : 8000
            }
          }
        },
        "serviceName" : {
          "type" : "keyword"
        },
        "serviceStarted" : {
          "type" : "date"
        },
        "size" : {
          "type" : "keyword",
          "ignore_above" : 8000
        },
        "source" : {
          "type" : "keyword",
          "ignore_above" : 8000
        },
        "stackTrace" : {
          "type" : "text"
        },
        "started" : {
          "type" : "keyword",
          "ignore_above" : 8000
        },
        "statistic" : {
          "type" : "keyword",
          "ignore_above" : 8000
        },
        "tags" : {
          "type" : "keyword",
          "ignore_above" : 8000
        },
        "taskId" : {
          "type" : "keyword",
          "ignore_above" : 8000
        },
        "tenant" : {
          "type" : "keyword",
          "ignore_above" : 8000
        },
        "threadId" : {
          "type" : "keyword",
          "ignore_above" : 8000
        },
        "user" : {
          "type" : "keyword",
          "ignore_above" : 8000
        },
        "exception" : {
          "type" : "keyword",
          "ignore_above" : 8000
        },
        "exceptionMethod" : {
          "type" : "keyword",
          "ignore_above" : 8000
        },
        "exceptionType" : {
          "type" : "keyword",
          "ignore_above" : 8000
        },
        "genericMessage" : {
          "type" : "keyword",
          "ignore_above" : 8000
        }
      }
    },
    "aliases" : { }
}