{
    "annotations": {
        "list": [
            {
                "builtIn": 1,
                "datasource": "-- Grafana --",
                "enable": true,
                "hide": true,
                "iconColor": "rgba(0, 211, 255, 1)",
                "name": "Annotations & Alerts",
                "type": "dashboard"
            }
        ]
    },
    "description": "",
    "editable": true,
    "gnetId": null,
    "graphTooltip": 0,
    "id": null,
    "iteration": 1592898364800,
    "links": [],
    "panels": [
        {
            "columns": [],
            "datasource": "$Datasource",
            "fontSize": "100%",
            "gridPos": {
                "h": 4,
                "w": 24,
                "x": 0,
                "y": 0
            },
            "id": 2,
            "options": {},
            "pageSize": null,
            "scroll": true,
            "showHeader": true,
            "sort": {
                "col": 0,
                "desc": true
            },
            "styles": [
                {
                    "alias": "Host",
                    "align": "auto",
                    "dateFormat": "YYYY-MM-DD HH:mm:ss",
                    "pattern": "beats_stats.beat.host",
                    "type": "string"
                },
                {
                    "alias": "Total event",
                    "align": "auto",
                    "colorMode": null,
                    "colors": [
                        "rgba(245, 54, 54, 0.9)",
                        "rgba(237, 129, 40, 0.89)",
                        "rgba(50, 172, 45, 0.97)"
                    ],
                    "decimals": 2,
                    "pattern": "Max beats_stats.metrics.libbeat.output.events.total",
                    "thresholds": [],
                    "type": "number",
                    "unit": "short"
                },
                {
                    "alias": "Failed event",
                    "align": "auto",
                    "colorMode": null,
                    "colors": [
                        "rgba(245, 54, 54, 0.9)",
                        "rgba(237, 129, 40, 0.89)",
                        "rgba(50, 172, 45, 0.97)"
                    ],
                    "dateFormat": "YYYY-MM-DD HH:mm:ss",
                    "decimals": 2,
                    "mappingType": 1,
                    "pattern": "Max beats_stats.metrics.libbeat.output.events.failed",
                    "thresholds": [],
                    "type": "number",
                    "unit": "short"
                },
                {
                    "alias": "Write bytes",
                    "align": "auto",
                    "colorMode": null,
                    "colors": [
                        "rgba(245, 54, 54, 0.9)",
                        "rgba(237, 129, 40, 0.89)",
                        "rgba(50, 172, 45, 0.97)"
                    ],
                    "dateFormat": "YYYY-MM-DD HH:mm:ss",
                    "decimals": 2,
                    "mappingType": 1,
                    "pattern": "Max beats_stats.metrics.libbeat.output.write.bytes",
                    "thresholds": [],
                    "type": "number",
                    "unit": "bytes"
                },
                {
                    "alias": "Write errors",
                    "align": "auto",
                    "colorMode": null,
                    "colors": [
                        "rgba(245, 54, 54, 0.9)",
                        "rgba(237, 129, 40, 0.89)",
                        "rgba(50, 172, 45, 0.97)"
                    ],
                    "dateFormat": "YYYY-MM-DD HH:mm:ss",
                    "decimals": 0,
                    "mappingType": 1,
                    "pattern": "Max beats_stats.metrics.libbeat.output.write.errors",
                    "thresholds": [],
                    "type": "number",
                    "unit": "short"
                },
                {
                    "alias": "Read bytes",
                    "align": "auto",
                    "colorMode": null,
                    "colors": [
                        "rgba(245, 54, 54, 0.9)",
                        "rgba(237, 129, 40, 0.89)",
                        "rgba(50, 172, 45, 0.97)"
                    ],
                    "dateFormat": "YYYY-MM-DD HH:mm:ss",
                    "decimals": 2,
                    "mappingType": 1,
                    "pattern": "Max beats_stats.metrics.libbeat.output.read.bytes",
                    "thresholds": [],
                    "type": "number",
                    "unit": "decbytes"
                },
                {
                    "alias": "Read errors",
                    "align": "auto",
                    "colorMode": null,
                    "colors": [
                        "rgba(245, 54, 54, 0.9)",
                        "rgba(237, 129, 40, 0.89)",
                        "rgba(50, 172, 45, 0.97)"
                    ],
                    "dateFormat": "YYYY-MM-DD HH:mm:ss",
                    "decimals": 0,
                    "mappingType": 1,
                    "pattern": "Max beats_stats.metrics.libbeat.output.read.errors",
                    "thresholds": [],
                    "type": "number",
                    "unit": "short"
                }
            ],
            "targets": [
                {
                    "bucketAggs": [
                        {
                            "fake": true,
                            "field": "beats_stats.beat.host",
                            "id": "3",
                            "settings": {
                                "min_doc_count": 1,
                                "order": "desc",
                                "orderBy": "_term",
                                "size": "10"
                            },
                            "type": "terms"
                        }
                    ],
                    "metrics": [
                        {
                            "field": "beats_stats.metrics.libbeat.output.events.total",
                            "id": "1",
                            "meta": {},
                            "settings": {},
                            "type": "max"
                        },
                        {
                            "field": "beats_stats.metrics.libbeat.output.events.failed",
                            "id": "5",
                            "meta": {},
                            "settings": {},
                            "type": "max"
                        },
                        {
                            "field": "beats_stats.metrics.libbeat.output.write.bytes",
                            "id": "6",
                            "meta": {},
                            "settings": {},
                            "type": "max"
                        },
                        {
                            "field": "beats_stats.metrics.libbeat.output.write.errors",
                            "id": "7",
                            "meta": {},
                            "settings": {},
                            "type": "max"
                        },
                        {
                            "field": "beats_stats.metrics.libbeat.output.read.bytes",
                            "id": "8",
                            "meta": {},
                            "settings": {},
                            "type": "max"
                        },
                        {
                            "field": "beats_stats.metrics.libbeat.output.read.errors",
                            "id": "9",
                            "meta": {},
                            "settings": {},
                            "type": "max"
                        }
                    ],
                    "query": "",
                    "refId": "A",
                    "timeField": "timestamp"
                }
            ],
            "timeFrom": null,
            "timeShift": null,
            "title": "Overwiev",
            "transform": "table",
            "type": "table"
        }
    ],
    "schemaVersion": 22,
    "style": "dark",
    "tags": [
        "Elastic stack",
        "Examples"
    ],
    "templating": {
        "list": [
            {
                "current": {
                    "text": "Elasticsearch-monitoring-filebeat",
                    "value": "Elasticsearch-monitoring-filebeat"
                },
                "hide": 2,
                "includeAll": false,
                "label": null,
                "multi": false,
                "name": "Datasource",
                "options": [],
                "query": "elasticsearch",
                "refresh": 1,
                "regex": "Elasticsearch-monitoring-filebeat",
                "skipUrlSync": false,
                "type": "datasource"
            },
            {
                "allValue": null,
                "current": {
                    "text": null,
                    "value": null
                },
                "datasource": "$Datasource",
                "definition": "{\"find\": \"terms\", \"field\": \"beats_stats.beat.host\"}",
                "hide": 0,
                "includeAll": true,
                "label": "Host",
                "multi": true,
                "name": "HostName",
                "options": [],
                "query": "{\"find\": \"terms\", \"field\": \"beats_stats.beat.host\"}",
                "refresh": 2,
                "regex": "",
                "skipUrlSync": false,
                "sort": 0,
                "tagValuesQuery": "",
                "tags": [],
                "tagsQuery": "",
                "type": "query",
                "useTags": false
            }
        ]
    },
    "time": {
        "from": "now-15m",
        "to": "now"
    },
    "timepicker": {
        "refresh_intervals": [
            "5s",
            "10s",
            "30s",
            "1m",
            "5m",
            "15m",
            "30m",
            "1h",
            "2h",
            "1d"
        ]
    },
    "timezone": "",
    "title": "Filebeat Monitroing",
    "uid": "9r9pW45Zz",
    "version": null
}
