{
    "annotations": {
        "list": [
            {
                "builtIn": 1,
                "datasource": "-- Grafana --",
                "enable": true,
                "hide": true,
                "iconColor": "rgba(0, 211, 255, 1)",
                "name": "Annotations & Alerts",
                "type": "dashboard"
            }
        ]
    },
    "editable": true,
    "gnetId": null,
    "graphTooltip": 0,
    "id": null,
    "iteration": 1592898381914,
    "links": [],
    "panels": [
        {
            "collapsed": false,
            "datasource": null,
            "gridPos": {
                "h": 1,
                "w": 24,
                "x": 0,
                "y": 0
            },
            "id": 4,
            "panels": [],
            "repeat": null,
            "title": "CPU",
            "type": "row"
        },
        {
            "aliasColors": {
                "CPU iowait time": "#B7DBAB",
                "CPU system time": "#BF1B00",
                "CPU user time": "#EAB839"
            },
            "bars": false,
            "dashLength": 10,
            "dashes": false,
            "datasource": "$ZabbixDS",
            "editable": true,
            "error": false,
            "fill": 3,
            "fillGradient": 0,
            "grid": {},
            "gridPos": {
                "h": 8,
                "w": 11,
                "x": 0,
                "y": 1
            },
            "hiddenSeries": false,
            "id": 1,
            "legend": {
                "alignAsTable": true,
                "avg": false,
                "current": true,
                "max": false,
                "min": false,
                "rightSide": true,
                "show": false,
                "sort": "current",
                "sortDesc": true,
                "total": false,
                "values": true
            },
            "lines": true,
            "linewidth": 1,
            "links": [],
            "nullPointMode": "connected",
            "options": {
                "dataLinks": []
            },
            "percentage": false,
            "pointradius": 2,
            "points": false,
            "renderer": "flot",
            "seriesOverrides": [],
            "spaceLength": 10,
            "stack": true,
            "steppedLine": false,
            "targets": [
                {
                    "application": {
                        "filter": "Processor Performance"
                    },
                    "countTriggers": true,
                    "functions": [],
                    "group": {
                        "filter": "$group"
                    },
                    "host": {
                        "filter": "$host"
                    },
                    "item": {
                        "filter": "/Processor % Processor Time/"
                    },
                    "minSeverity": 3,
                    "mode": 0,
                    "options": {
                        "showDisabledItems": false
                    },
                    "refId": "A",
                    "resultFormat": "time_series",
                    "table": {
                        "skipEmptyValues": false
                    },
                    "triggers": {
                        "acknowledged": 2,
                        "count": true,
                        "minSeverity": 3
                    }
                }
            ],
            "thresholds": [],
            "timeFrom": null,
            "timeRegions": [],
            "timeShift": null,
            "title": "CPU \u043e\u0431\u0449\u0430\u044f, %",
            "tooltip": {
                "msResolution": false,
                "shared": true,
                "sort": 2,
                "value_type": "individual"
            },
            "type": "graph",
            "xaxis": {
                "buckets": null,
                "mode": "time",
                "name": null,
                "show": true,
                "values": []
            },
            "yaxes": [
                {
                    "format": "percent",
                    "logBase": 1,
                    "max": 100,
                    "min": 0,
                    "show": true
                },
                {
                    "format": "short",
                    "logBase": 1,
                    "max": null,
                    "min": null,
                    "show": true
                }
            ],
            "yaxis": {
                "align": false,
                "alignLevel": null
            }
        },
        {
            "aliasColors": {},
            "bars": false,
            "dashLength": 10,
            "dashes": false,
            "datasource": "$ZabbixDS",
            "fill": 1,
            "fillGradient": 0,
            "gridPos": {
                "h": 8,
                "w": 13,
                "x": 11,
                "y": 1
            },
            "hiddenSeries": false,
            "id": 107,
            "legend": {
                "alignAsTable": true,
                "avg": false,
                "current": false,
                "max": false,
                "min": false,
                "rightSide": true,
                "show": true,
                "sort": "current",
                "sortDesc": true,
                "total": false,
                "values": false
            },
            "lines": true,
            "linewidth": 1,
            "links": [],
            "nullPointMode": "null",
            "options": {
                "dataLinks": []
            },
            "percentage": false,
            "pointradius": 2,
            "points": false,
            "renderer": "flot",
            "seriesOverrides": [],
            "spaceLength": 10,
            "stack": false,
            "steppedLine": false,
            "targets": [
                {
                    "application": {
                        "filter": "Processor Performance"
                    },
                    "functions": [],
                    "group": {
                        "filter": "$group"
                    },
                    "host": {
                        "filter": "$host"
                    },
                    "item": {
                        "filter": "/.*/"
                    },
                    "mode": 0,
                    "options": {
                        "showDisabledItems": false,
                        "skipEmptyValues": false
                    },
                    "refId": "A",
                    "resultFormat": "time_series",
                    "table": {
                        "skipEmptyValues": false
                    },
                    "triggers": {
                        "acknowledged": 2,
                        "count": true,
                        "minSeverity": 3
                    }
                }
            ],
            "thresholds": [],
            "timeFrom": null,
            "timeRegions": [],
            "timeShift": null,
            "title": "CPU by cores, %",
            "tooltip": {
                "shared": true,
                "sort": 0,
                "value_type": "individual"
            },
            "type": "graph",
            "xaxis": {
                "buckets": null,
                "mode": "time",
                "name": null,
                "show": true,
                "values": []
            },
            "yaxes": [
                {
                    "format": "short",
                    "label": null,
                    "logBase": 1,
                    "max": null,
                    "min": null,
                    "show": true
                },
                {
                    "format": "short",
                    "label": null,
                    "logBase": 1,
                    "max": null,
                    "min": null,
                    "show": true
                }
            ],
            "yaxis": {
                "align": false,
                "alignLevel": null
            }
        },
        {
            "collapsed": false,
            "datasource": null,
            "gridPos": {
                "h": 1,
                "w": 24,
                "x": 0,
                "y": 9
            },
            "id": 30,
            "panels": [],
            "title": "RAM",
            "type": "row"
        },
        {
            "aliasColors": {
                "Memory Available": "dark-blue",
                "Memory Size Used": "semi-dark-red",
                "Memory Total": "dark-green"
            },
            "bars": false,
            "dashLength": 10,
            "dashes": false,
            "datasource": "$ZabbixDS",
            "fill": 1,
            "fillGradient": 0,
            "gridPos": {
                "h": 8,
                "w": 12,
                "x": 0,
                "y": 10
            },
            "hiddenSeries": false,
            "id": 109,
            "legend": {
                "alignAsTable": true,
                "avg": false,
                "current": false,
                "max": false,
                "min": false,
                "rightSide": true,
                "show": true,
                "total": false,
                "values": false
            },
            "lines": true,
            "linewidth": 1,
            "links": [],
            "nullPointMode": "null",
            "options": {
                "dataLinks": []
            },
            "percentage": false,
            "pointradius": 2,
            "points": false,
            "renderer": "flot",
            "seriesOverrides": [],
            "spaceLength": 10,
            "stack": false,
            "steppedLine": false,
            "targets": [
                {
                    "application": {
                        "filter": "Memory"
                    },
                    "functions": [],
                    "group": {
                        "filter": "$group"
                    },
                    "host": {
                        "filter": "$host"
                    },
                    "item": {
                        "filter": "/Memory(?! Available %)/"
                    },
                    "mode": 0,
                    "options": {
                        "showDisabledItems": false,
                        "skipEmptyValues": false
                    },
                    "refId": "A",
                    "resultFormat": "time_series",
                    "table": {
                        "skipEmptyValues": false
                    },
                    "triggers": {
                        "acknowledged": 2,
                        "count": true,
                        "minSeverity": 3
                    }
                }
            ],
            "thresholds": [],
            "timeFrom": null,
            "timeRegions": [],
            "timeShift": null,
            "title": "RAM state, GiB",
            "tooltip": {
                "shared": true,
                "sort": 0,
                "value_type": "individual"
            },
            "type": "graph",
            "xaxis": {
                "buckets": null,
                "mode": "time",
                "name": null,
                "show": true,
                "values": []
            },
            "yaxes": [
                {
                    "format": "bytes",
                    "label": null,
                    "logBase": 1,
                    "max": null,
                    "min": null,
                    "show": true
                },
                {
                    "format": "short",
                    "label": null,
                    "logBase": 1,
                    "max": null,
                    "min": null,
                    "show": true
                }
            ],
            "yaxis": {
                "align": false,
                "alignLevel": null
            }
        },
        {
            "aliasColors": {},
            "bars": false,
            "dashLength": 10,
            "dashes": false,
            "datasource": "$ZabbixDS",
            "fill": 1,
            "fillGradient": 0,
            "gridPos": {
                "h": 8,
                "w": 5,
                "x": 12,
                "y": 10
            },
            "hiddenSeries": false,
            "id": 2,
            "legend": {
                "avg": false,
                "current": false,
                "max": false,
                "min": false,
                "show": false,
                "total": false,
                "values": false
            },
            "lines": true,
            "linewidth": 1,
            "links": [],
            "nullPointMode": "null",
            "options": {
                "dataLinks": []
            },
            "percentage": false,
            "pluginVersion": "6.3.3",
            "pointradius": 2,
            "points": false,
            "renderer": "flot",
            "seriesOverrides": [],
            "spaceLength": 10,
            "stack": false,
            "steppedLine": false,
            "targets": [
                {
                    "application": {
                        "filter": "Memory"
                    },
                    "countTriggers": true,
                    "functions": [],
                    "group": {
                        "filter": "$group"
                    },
                    "host": {
                        "filter": "$host"
                    },
                    "item": {
                        "filter": "Memory Available %"
                    },
                    "minSeverity": 3,
                    "mode": 0,
                    "options": {
                        "showDisabledItems": false
                    },
                    "refId": "A",
                    "resultFormat": "time_series",
                    "table": {
                        "skipEmptyValues": false
                    },
                    "triggers": {
                        "acknowledged": 2,
                        "count": true,
                        "minSeverity": 3
                    }
                }
            ],
            "thresholds": [],
            "timeFrom": null,
            "timeRegions": [],
            "timeShift": null,
            "title": "RAM free, %",
            "tooltip": {
                "shared": true,
                "sort": 0,
                "value_type": "individual"
            },
            "type": "graph",
            "xaxis": {
                "buckets": null,
                "mode": "time",
                "name": null,
                "show": true,
                "values": []
            },
            "yaxes": [
                {
                    "format": "percent",
                    "label": null,
                    "logBase": 1,
                    "max": "100",
                    "min": "0",
                    "show": true
                },
                {
                    "format": "short",
                    "label": null,
                    "logBase": 1,
                    "max": null,
                    "min": null,
                    "show": true
                }
            ],
            "yaxis": {
                "align": false,
                "alignLevel": null
            }
        },
        {
            "aliasColors": {},
            "bars": false,
            "dashLength": 10,
            "dashes": false,
            "datasource": "$ZabbixDS",
            "fill": 1,
            "fillGradient": 0,
            "gridPos": {
                "h": 8,
                "w": 7,
                "x": 17,
                "y": 10
            },
            "hiddenSeries": false,
            "id": 7,
            "legend": {
                "alignAsTable": false,
                "avg": false,
                "current": false,
                "max": false,
                "min": false,
                "rightSide": false,
                "show": false,
                "total": false,
                "values": false
            },
            "lines": true,
            "linewidth": 1,
            "nullPointMode": "null",
            "options": {
                "dataLinks": []
            },
            "percentage": false,
            "pointradius": 2,
            "points": false,
            "renderer": "flot",
            "seriesOverrides": [],
            "spaceLength": 10,
            "stack": false,
            "steppedLine": false,
            "targets": [
                {
                    "application": {
                        "filter": "Memory"
                    },
                    "functions": [],
                    "group": {
                        "filter": "$group"
                    },
                    "host": {
                        "filter": "$host"
                    },
                    "item": {
                        "filter": "Memory Available"
                    },
                    "mode": 0,
                    "options": {
                        "showDisabledItems": false,
                        "skipEmptyValues": false
                    },
                    "refId": "A",
                    "resultFormat": "time_series",
                    "table": {
                        "skipEmptyValues": false
                    },
                    "triggers": {
                        "acknowledged": 2,
                        "count": true,
                        "minSeverity": 3
                    }
                }
            ],
            "thresholds": [],
            "timeFrom": null,
            "timeRegions": [],
            "timeShift": null,
            "title": "RAM free, GiB",
            "tooltip": {
                "shared": true,
                "sort": 0,
                "value_type": "individual"
            },
            "type": "graph",
            "xaxis": {
                "buckets": null,
                "mode": "time",
                "name": null,
                "show": true,
                "values": []
            },
            "yaxes": [
                {
                    "decimals": 1,
                    "format": "bytes",
                    "label": null,
                    "logBase": 1,
                    "max": null,
                    "min": null,
                    "show": true
                },
                {
                    "format": "none",
                    "label": null,
                    "logBase": 1,
                    "max": null,
                    "min": null,
                    "show": true
                }
            ],
            "yaxis": {
                "align": false,
                "alignLevel": null
            }
        },
        {
            "collapsed": false,
            "datasource": null,
            "gridPos": {
                "h": 1,
                "w": 24,
                "x": 0,
                "y": 18
            },
            "id": 53,
            "panels": [],
            "title": "Disk",
            "type": "row"
        },
        {
            "columns": [
                {
                    "text": "Current",
                    "value": "current"
                }
            ],
            "datasource": "$ZabbixDS",
            "fontSize": "100%",
            "gridPos": {
                "h": 8,
                "w": 12,
                "x": 0,
                "y": 19
            },
            "id": 111,
            "links": [],
            "options": {},
            "pageSize": null,
            "scroll": true,
            "showHeader": true,
            "sort": {
                "col": 0,
                "desc": true
            },
            "styles": [
                {
                    "alias": "Time",
                    "align": "auto",
                    "dateFormat": "YYYY-MM-DD HH:mm:ss",
                    "pattern": "Time",
                    "type": "date"
                },
                {
                    "alias": "Free space",
                    "align": "auto",
                    "colorMode": "cell",
                    "colors": [
                        "rgba(245, 54, 54, 0.9)",
                        "rgba(237, 129, 40, 0.89)",
                        "rgba(50, 172, 45, 0.97)"
                    ],
                    "decimals": 2,
                    "pattern": "Current",
                    "thresholds": [
                        "50000000000",
                        " 100000000000"
                    ],
                    "type": "number",
                    "unit": "bytes"
                },
                {
                    "alias": "Disk",
                    "align": "auto",
                    "colorMode": null,
                    "colors": [
                        "rgba(245, 54, 54, 0.9)",
                        "rgba(237, 129, 40, 0.89)",
                        "rgba(50, 172, 45, 0.97)"
                    ],
                    "dateFormat": "YYYY-MM-DD HH:mm:ss",
                    "decimals": 2,
                    "mappingType": 1,
                    "pattern": "Metric",
                    "preserveFormat": false,
                    "thresholds": [],
                    "type": "string",
                    "unit": "short",
                    "valueMaps": []
                }
            ],
            "targets": [
                {
                    "application": {
                        "filter": "Disk"
                    },
                    "functions": [],
                    "group": {
                        "filter": "$group"
                    },
                    "host": {
                        "filter": "$host"
                    },
                    "item": {
                        "filter": "/Space Available(?! %)/"
                    },
                    "mode": 0,
                    "options": {
                        "showDisabledItems": false,
                        "skipEmptyValues": false
                    },
                    "refId": "A",
                    "resultFormat": "time_series",
                    "table": {
                        "skipEmptyValues": false
                    },
                    "triggers": {
                        "acknowledged": 2,
                        "count": true,
                        "minSeverity": 3
                    }
                }
            ],
            "timeFrom": null,
            "timeShift": null,
            "title": "Free space on disks, GiB",
            "transform": "timeseries_aggregations",
            "type": "table"
        },
        {
            "columns": [
                {
                    "text": "Current",
                    "value": "current"
                }
            ],
            "datasource": "$ZabbixDS",
            "fontSize": "100%",
            "gridPos": {
                "h": 8,
                "w": 12,
                "x": 12,
                "y": 19
            },
            "id": 76,
            "options": {},
            "pageSize": null,
            "pluginVersion": "6.3.3",
            "scroll": true,
            "showHeader": true,
            "sort": {
                "col": 0,
                "desc": true
            },
            "styles": [
                {
                    "alias": "Free space, %",
                    "align": "auto",
                    "colorMode": "cell",
                    "colors": [
                        "rgba(245, 54, 54, 0.9)",
                        "rgba(237, 129, 40, 0.89)",
                        "rgba(50, 172, 45, 0.97)"
                    ],
                    "decimals": 2,
                    "pattern": "Current",
                    "thresholds": [
                        "10",
                        " 25"
                    ],
                    "type": "number",
                    "unit": "percent"
                },
                {
                    "alias": "Disk",
                    "align": "auto",
                    "colorMode": null,
                    "colors": [
                        "rgba(245, 54, 54, 0.9)",
                        "rgba(237, 129, 40, 0.89)",
                        "rgba(50, 172, 45, 0.97)"
                    ],
                    "dateFormat": "YYYY-MM-DD HH:mm:ss",
                    "decimals": 2,
                    "mappingType": 1,
                    "pattern": "Metric",
                    "thresholds": [],
                    "type": "number",
                    "unit": "short"
                }
            ],
            "targets": [
                {
                    "application": {
                        "filter": "Disk"
                    },
                    "functions": [],
                    "group": {
                        "filter": "$group"
                    },
                    "host": {
                        "filter": "$host"
                    },
                    "item": {
                        "filter": "/Space Available %/"
                    },
                    "mode": 0,
                    "options": {
                        "showDisabledItems": false,
                        "skipEmptyValues": false
                    },
                    "refId": "A",
                    "resultFormat": "time_series",
                    "table": {
                        "skipEmptyValues": false
                    },
                    "triggers": {
                        "acknowledged": 2,
                        "count": true,
                        "minSeverity": 3
                    }
                }
            ],
            "timeFrom": null,
            "timeShift": null,
            "title": "Free space on disks, %",
            "transform": "timeseries_aggregations",
            "type": "table"
        },
        {
            "aliasColors": {},
            "bars": false,
            "dashLength": 10,
            "dashes": false,
            "datasource": "$ZabbixDS",
            "fill": 1,
            "fillGradient": 0,
            "gridPos": {
                "h": 8,
                "w": 12,
                "x": 0,
                "y": 27
            },
            "hiddenSeries": false,
            "id": 80,
            "legend": {
                "alignAsTable": true,
                "avg": true,
                "current": false,
                "max": true,
                "min": false,
                "rightSide": true,
                "show": true,
                "sort": null,
                "sortDesc": null,
                "total": false,
                "values": true
            },
            "lines": true,
            "linewidth": 1,
            "links": [],
            "nullPointMode": "null",
            "options": {
                "dataLinks": []
            },
            "percentage": false,
            "pointradius": 2,
            "points": false,
            "renderer": "flot",
            "seriesOverrides": [
                {
                    "alias": "Average disk write queue length",
                    "transform": "negative-Y"
                }
            ],
            "spaceLength": 10,
            "stack": false,
            "steppedLine": false,
            "targets": [
                {
                    "application": {
                        "filter": "Filesystems"
                    },
                    "functions": [],
                    "group": {
                        "filter": "$group"
                    },
                    "host": {
                        "filter": "$host"
                    },
                    "item": {
                        "filter": "/Average disk/"
                    },
                    "mode": 0,
                    "options": {
                        "showDisabledItems": false,
                        "skipEmptyValues": false
                    },
                    "refId": "A",
                    "resultFormat": "time_series",
                    "table": {
                        "skipEmptyValues": false
                    },
                    "triggers": {
                        "acknowledged": 2,
                        "count": true,
                        "minSeverity": 3
                    }
                }
            ],
            "thresholds": [],
            "timeFrom": null,
            "timeRegions": [],
            "timeShift": null,
            "title": "\u0421\u0440\u0435\u0434\u043d\u044f\u044f \u0434\u043b\u0438\u043d\u0430 \u043e\u0447\u0435\u0440\u0435\u0434\u0438 \u0447\u0442\u0435\u043d\u0438\u044f(\u0437\u0430\u043f\u0438\u0441\u0438) \u0441 \u0434\u0438\u0441\u043a\u0430",
            "tooltip": {
                "shared": true,
                "sort": 0,
                "value_type": "individual"
            },
            "type": "graph",
            "xaxis": {
                "buckets": null,
                "mode": "time",
                "name": null,
                "show": true,
                "values": []
            },
            "yaxes": [
                {
                    "format": "short",
                    "label": null,
                    "logBase": 1,
                    "max": null,
                    "min": null,
                    "show": true
                },
                {
                    "format": "short",
                    "label": null,
                    "logBase": 1,
                    "max": null,
                    "min": null,
                    "show": true
                }
            ],
            "yaxis": {
                "align": false,
                "alignLevel": null
            }
        },
        {
            "collapsed": false,
            "datasource": null,
            "gridPos": {
                "h": 1,
                "w": 24,
                "x": 0,
                "y": 35
            },
            "id": 134,
            "panels": [],
            "title": "Process",
            "type": "row"
        },
        {
            "collapsed": false,
            "datasource": null,
            "gridPos": {
                "h": 1,
                "w": 24,
                "x": 0,
                "y": 36
            },
            "id": 82,
            "panels": [],
            "title": "Network",
            "type": "row"
        },
        {
            "aliasColors": {},
            "bars": false,
            "dashLength": 10,
            "dashes": false,
            "datasource": "$ZabbixDS",
            "fill": 3,
            "fillGradient": 0,
            "gridPos": {
                "h": 8,
                "w": 6,
                "x": 0,
                "y": 37
            },
            "id": 84,
            "legend": {
                "avg": false,
                "current": false,
                "max": false,
                "min": false,
                "show": true,
                "total": false,
                "values": false
            },
            "lines": true,
            "linewidth": 2,
            "maxPerRow": 4,
            "nullPointMode": "connected",
            "options": {
                "dataLinks": []
            },
            "percentage": false,
            "pointradius": 2,
            "points": false,
            "renderer": "flot",
            "repeat": "netif",
            "repeatDirection": "h",
            "seriesOverrides": [
                {
                    "alias": "/Incoming/",
                    "transform": "negative-Y"
                }
            ],
            "spaceLength": 10,
            "stack": false,
            "steppedLine": false,
            "targets": [
                {
                    "application": {
                        "filter": ""
                    },
                    "functions": [],
                    "group": {
                        "filter": "$group"
                    },
                    "host": {
                        "filter": "$host"
                    },
                    "item": {
                        "filter": "/$netif/"
                    },
                    "mode": 0,
                    "options": {
                        "showDisabledItems": false,
                        "skipEmptyValues": false
                    },
                    "refId": "A",
                    "resultFormat": "time_series",
                    "table": {
                        "skipEmptyValues": false
                    },
                    "triggers": {
                        "acknowledged": 2,
                        "count": true,
                        "minSeverity": 3
                    }
                }
            ],
            "thresholds": [],
            "timeFrom": null,
            "timeRegions": [],
            "timeShift": null,
            "title": "Network traffic on $netif",
            "tooltip": {
                "shared": true,
                "sort": 0,
                "value_type": "individual"
            },
            "type": "graph",
            "xaxis": {
                "buckets": null,
                "mode": "time",
                "name": null,
                "show": true,
                "values": []
            },
            "yaxes": [
                {
                    "format": "bps",
                    "label": null,
                    "logBase": 1,
                    "max": null,
                    "min": null,
                    "show": true
                },
                {
                    "format": "short",
                    "label": null,
                    "logBase": 1,
                    "max": null,
                    "min": null,
                    "show": true
                }
            ],
            "yaxis": {
                "align": false,
                "alignLevel": null
            }
        }
    ],
    "refresh": false,
    "revision": 1,
    "schemaVersion": 22,
    "style": "dark",
    "tags": [
        "Zabbix",
        "Examples"
    ],
    "templating": {
        "list": [
            {
                "allFormat": "regex values",
                "allValue": null,
                "current": {
                    "text": null,
                    "value": null
                },
                "datasource": "$ZabbixDS",
                "definition": "*",
                "hide": 0,
                "includeAll": false,
                "label": "Group",
                "multi": false,
                "multiFormat": "glob",
                "name": "group",
                "options": [],
                "query": "*",
                "refresh": 2,
                "refresh_on_load": false,
                "regex": "",
                "skipUrlSync": false,
                "sort": 0,
                "tagValuesQuery": "",
                "tags": [],
                "tagsQuery": "",
                "type": "query",
                "useTags": false
            },
            {
                "allFormat": "glob",
                "allValue": null,
                "current": {
                    "text": null,
                    "value": null
                },
                "datasource": "$ZabbixDS",
                "definition": "$group.*",
                "hide": 0,
                "includeAll": false,
                "label": "Host",
                "multi": false,
                "multiFormat": "glob",
                "name": "host",
                "options": [],
                "query": "$group.*",
                "refresh": 2,
                "refresh_on_load": false,
                "regex": "",
                "skipUrlSync": false,
                "sort": 0,
                "tagValuesQuery": "",
                "tags": [],
                "tagsQuery": "",
                "type": "query",
                "useTags": false
            },
            {
                "allFormat": "regex values",
                "allValue": null,
                "current": {
                    "text": "All",
                    "value": "$__all"
                },
                "datasource": "$ZabbixDS",
                "definition": "*.$host.Network interfaces.*",
                "hide": 0,
                "hideLabel": false,
                "includeAll": true,
                "label": "Network interface",
                "multi": true,
                "multiFormat": "regex values",
                "name": "netif",
                "options": [],
                "query": "*.$host.Network interfaces.*",
                "refresh": 2,
                "refresh_on_load": false,
                "regex": "/(?:Incoming|Outgoing) network traffic on (.*)/",
                "skipUrlSync": false,
                "sort": 0,
                "tagValuesQuery": "",
                "tags": [],
                "tagsQuery": "",
                "type": "query",
                "useTags": false
            },
            {
                "current": {
                    "text": "Zabbix",
                    "value": "Zabbix"
                },
                "hide": 2,
                "includeAll": false,
                "label": "ZabbixDS",
                "multi": false,
                "name": "ZabbixDS",
                "options": [],
                "query": "alexanderzobnin-zabbix-datasource",
                "refresh": 1,
                "regex": "/Zabbix/",
                "skipUrlSync": false,
                "type": "datasource"
            }
        ]
    },
    "time": {
        "from": "now-6h",
        "to": "now"
    },
    "timepicker": {
        "now": true,
        "refresh_intervals": [
            "30s",
            "1m",
            "5m",
            "15m",
            "30m",
            "1h",
            "3h",
            "2h",
            "1d"
        ],
        "time_options": [
            "5m",
            "15m",
            "1h",
            "6h",
            "12h",
            "24h",
            "2d",
            "7d",
            "30d"
        ]
    },
    "timezone": "browser",
    "title": "Windows. Server State",
    "uid": "JbXWYrOZz",
    "version": null
}
