{
    "annotations": {
        "list": [
            {
                "builtIn": 1,
                "datasource": "-- Grafana --",
                "enable": true,
                "hide": true,
                "iconColor": "rgba(0, 211, 255, 1)",
                "name": "Annotations & Alerts",
                "type": "dashboard"
            }
        ]
    },
    "editable": true,
    "gnetId": null,
    "graphTooltip": 0,
    "id": null,
    "iteration": 1591874343665,
    "links": [
        {
            "asDropdown": true,
            "icon": "external link",
            "includeVars": false,
            "keepTime": true,
            "tags": [
                "DirectumRX"
            ],
            "targetBlank": false,
            "title": "DirectumRX",
            "type": "dashboards"
        },
        {
            "asDropdown": true,
            "icon": "external link",
            "includeVars": false,
            "keepTime": true,
            "tags": [
                "Hardware"
            ],
            "targetBlank": false,
            "title": "Hardware",
            "type": "dashboards"
        },
        {
            "asDropdown": true,
            "icon": "external link",
            "includeVars": false,
            "keepTime": true,
            "tags": [
                "Statistic"
            ],
            "targetBlank": false,
            "title": "Statistic",
            "type": "dashboards"
        }
    ],
    "panels": [
        {
            "aliasColors": {
                "Debug": "light-purple",
                "Error": "light-red",
                "Fatal": "rgb(255, 0, 0)",
                "Info": "light-green",
                "Trace": "light-blue",
                "Warn": "light-orange"
            },
            "bars": false,
            "dashLength": 10,
            "dashes": false,
            "datasource": null,
            "decimals": 0,
            "description": "This graph displays errors and warnings aggregated by levels and sorted by time",
            "fill": 1,
            "fillGradient": 0,
            "gridPos": {
                "h": 7,
                "w": 8,
                "x": 0,
                "y": 0
            },
            "hiddenSeries": false,
            "id": 24,
            "interval": "1h",
            "legend": {
                "alignAsTable": true,
                "avg": false,
                "current": false,
                "hideEmpty": false,
                "hideZero": false,
                "max": false,
                "min": false,
                "rightSide": true,
                "show": true,
                "total": false,
                "values": false
            },
            "lines": true,
            "linewidth": 1,
            "links": [],
            "nullPointMode": "null",
            "options": {
                "dataLinks": []
            },
            "percentage": false,
            "pointradius": 2,
            "points": false,
            "renderer": "flot",
            "seriesOverrides": [],
            "spaceLength": 10,
            "stack": false,
            "steppedLine": false,
            "targets": [
                {
                    "bucketAggs": [
                        {
                            "fake": true,
                            "field": "logLevel",
                            "id": "3",
                            "settings": {
                                "min_doc_count": 1,
                                "order": "desc",
                                "orderBy": "_term",
                                "size": "0"
                            },
                            "type": "terms"
                        },
                        {
                            "field": "@timestamp",
                            "id": "2",
                            "settings": {
                                "interval": "auto",
                                "min_doc_count": 0,
                                "trimEdges": 0
                            },
                            "type": "date_histogram"
                        }
                    ],
                    "metrics": [
                        {
                            "field": "select field",
                            "id": "1",
                            "type": "count"
                        }
                    ],
                    "query": "logLevel: $logLevel AND NOT (logLevel: Info OR logLevel: Debug OR logLevel: Trace) AND serviceName: $serviceName",
                    "refId": "A",
                    "timeField": "@timestamp"
                }
            ],
            "thresholds": [],
            "timeFrom": null,
            "timeRegions": [
                {
                    "colorMode": "custom",
                    "fill": true,
                    "fillColor": "rgba(145, 145, 145, 0.12)",
                    "from": "04:00",
                    "line": false,
                    "lineColor": "rgba(237, 46, 24, 0.60)",
                    "op": "time",
                    "to": "14:00"
                },
                {
                    "colorMode": "gray",
                    "fill": true,
                    "fillColor": "rgba(234, 112, 112, 0.12)",
                    "from": "20:00",
                    "fromDayOfWeek": 7,
                    "line": false,
                    "lineColor": "rgba(237, 46, 24, 0.60)",
                    "op": "time",
                    "toDayOfWeek": 5
                }
            ],
            "timeShift": null,
            "title": "Errors and warnings",
            "tooltip": {
                "shared": true,
                "sort": 0,
                "value_type": "individual"
            },
            "type": "graph",
            "xaxis": {
                "buckets": null,
                "mode": "time",
                "name": null,
                "show": true,
                "values": []
            },
            "yaxes": [
                {
                    "decimals": 0,
                    "format": "none",
                    "label": "",
                    "logBase": 1,
                    "max": null,
                    "min": "1",
                    "show": true
                },
                {
                    "format": "short",
                    "label": null,
                    "logBase": 1,
                    "max": null,
                    "min": null,
                    "show": false
                }
            ],
            "yaxis": {
                "align": false,
                "alignLevel": null
            }
        },
        {
            "aliasColors": {
                "Debug": "light-purple",
                "Error": "light-red",
                "Fatal": "rgb(255, 0, 0)",
                "Info": "light-green",
                "Trace": "light-blue",
                "Warn": "light-orange"
            },
            "bars": false,
            "dashLength": 10,
            "dashes": false,
            "datasource": null,
            "decimals": 0,
            "description": "Distribution of information events aggregated by levels and sorted by time",
            "fill": 1,
            "fillGradient": 0,
            "gridPos": {
                "h": 7,
                "w": 8,
                "x": 8,
                "y": 0
            },
            "hiddenSeries": false,
            "id": 2,
            "interval": "1h",
            "legend": {
                "alignAsTable": true,
                "avg": false,
                "current": false,
                "max": false,
                "min": false,
                "rightSide": true,
                "show": true,
                "total": false,
                "values": false
            },
            "lines": true,
            "linewidth": 1,
            "links": [],
            "nullPointMode": "null",
            "options": {
                "dataLinks": []
            },
            "percentage": false,
            "pointradius": 2,
            "points": false,
            "renderer": "flot",
            "seriesOverrides": [],
            "spaceLength": 10,
            "stack": false,
            "steppedLine": false,
            "targets": [
                {
                    "bucketAggs": [
                        {
                            "fake": true,
                            "field": "logLevel",
                            "id": "3",
                            "settings": {
                                "min_doc_count": 1,
                                "order": "desc",
                                "orderBy": "_term",
                                "size": "0"
                            },
                            "type": "terms"
                        },
                        {
                            "field": "@timestamp",
                            "id": "2",
                            "settings": {
                                "interval": "auto",
                                "min_doc_count": 0,
                                "trimEdges": 0
                            },
                            "type": "date_histogram"
                        }
                    ],
                    "metrics": [
                        {
                            "field": "select field",
                            "id": "1",
                            "type": "count"
                        }
                    ],
                    "query": "logLevel: $logLevel AND NOT (logLevel: Warn OR logLevel: Error OR logLevel: Fatal) AND serviceName: $serviceName",
                    "refId": "A",
                    "timeField": "@timestamp"
                }
            ],
            "thresholds": [],
            "timeFrom": null,
            "timeRegions": [
                {
                    "colorMode": "custom",
                    "fill": true,
                    "fillColor": "rgba(145, 145, 145, 0.12)",
                    "from": "04:00",
                    "line": false,
                    "lineColor": "rgba(237, 46, 24, 0.60)",
                    "op": "time",
                    "to": "14:00"
                },
                {
                    "colorMode": "gray",
                    "fill": true,
                    "fillColor": "rgba(234, 112, 112, 0.12)",
                    "from": "20:00",
                    "fromDayOfWeek": 7,
                    "line": false,
                    "lineColor": "rgba(237, 46, 24, 0.60)",
                    "op": "time",
                    "toDayOfWeek": 5
                }
            ],
            "timeShift": null,
            "title": "Information events",
            "tooltip": {
                "shared": true,
                "sort": 0,
                "value_type": "individual"
            },
            "type": "graph",
            "xaxis": {
                "buckets": null,
                "mode": "time",
                "name": null,
                "show": true,
                "values": []
            },
            "yaxes": [
                {
                    "decimals": 0,
                    "format": "none",
                    "label": "",
                    "logBase": 1,
                    "max": null,
                    "min": "1",
                    "show": true
                },
                {
                    "format": "short",
                    "label": null,
                    "logBase": 1,
                    "max": null,
                    "min": null,
                    "show": false
                }
            ],
            "yaxis": {
                "align": false,
                "alignLevel": null
            }
        },
        {
            "columns": [],
            "datasource": null,
            "description": "Levels of events in the log files",
            "fontSize": "100%",
            "gridPos": {
                "h": 7,
                "w": 3,
                "x": 16,
                "y": 0
            },
            "id": 8,
            "links": [],
            "options": {},
            "pageSize": null,
            "pluginVersion": "6.1.4",
            "scroll": true,
            "showHeader": true,
            "sort": {
                "col": 0,
                "desc": true
            },
            "styles": [
                {
                    "alias": "Level",
                    "align": "auto",
                    "colorMode": null,
                    "colors": [
                        "#37872D",
                        "#FA6400",
                        "#C4162A"
                    ],
                    "dateFormat": "YYYY-MM-DD HH:mm:ss",
                    "decimals": 2,
                    "link": false,
                    "mappingType": 1,
                    "pattern": "logLevel",
                    "preserveFormat": false,
                    "sanitize": false,
                    "thresholds": [
                        "1",
                        " 2"
                    ],
                    "type": "string",
                    "unit": "short",
                    "valueMaps": []
                }
            ],
            "targets": [
                {
                    "bucketAggs": [
                        {
                            "field": "logLevel",
                            "id": "2",
                            "settings": {
                                "min_doc_count": 1,
                                "order": "desc",
                                "orderBy": "_term",
                                "size": "0"
                            },
                            "type": "terms"
                        }
                    ],
                    "metrics": [
                        {
                            "field": "select field",
                            "id": "1",
                            "meta": {},
                            "settings": {},
                            "type": "count"
                        }
                    ],
                    "query": "logLevel: $logLevel AND serviceName: $serviceName",
                    "refId": "A",
                    "timeField": "@timestamp"
                }
            ],
            "timeFrom": null,
            "timeShift": null,
            "title": "Log event level",
            "transform": "table",
            "type": "table"
        },
        {
            "columns": [],
            "datasource": null,
            "description": "The number of events by users in the log files",
            "fontSize": "100%",
            "gridPos": {
                "h": 7,
                "w": 5,
                "x": 19,
                "y": 0
            },
            "id": 10,
            "interval": "",
            "links": [],
            "options": {},
            "pageSize": null,
            "scroll": true,
            "showHeader": true,
            "sort": {
                "col": 1,
                "desc": true
            },
            "styles": [
                {
                    "alias": "User",
                    "align": "auto",
                    "dateFormat": "YYYY-MM-DD HH:mm:ss",
                    "pattern": "user",
                    "type": "string"
                }
            ],
            "targets": [
                {
                    "bucketAggs": [
                        {
                            "field": "user",
                            "id": "2",
                            "settings": {
                                "min_doc_count": 1,
                                "order": "desc",
                                "orderBy": "_term",
                                "size": "0"
                            },
                            "type": "terms"
                        }
                    ],
                    "metrics": [
                        {
                            "field": "select field",
                            "id": "1",
                            "meta": {},
                            "settings": {},
                            "type": "count"
                        }
                    ],
                    "query": "logLevel: $logLevel AND serviceName: $serviceName",
                    "refId": "A",
                    "timeField": "@timestamp"
                }
            ],
            "timeFrom": null,
            "timeShift": null,
            "title": "Users",
            "transform": "table",
            "type": "table"
        },
        {
            "columns": [
                {
                    "text": "@timestamp",
                    "value": "@timestamp"
                },
                {
                    "text": "logLevel",
                    "value": "logLevel"
                },
                {
                    "text": "genericMessage",
                    "value": "genericMessage"
                },
                {
                    "text": "user",
                    "value": "user"
                },
                {
                    "text": "requestNumber",
                    "value": "requestNumber"
                },
                {
                    "text": "_id",
                    "value": "_id"
                }
            ],
            "datasource": null,
            "description": "The table contains information about the log file events. It displays no more than 1,000 records, 50 records on each page. Such limits provide smooth operation of the service. If there are more than 1,000 records found within the period, they will be displayed starting with the latest one.",
            "fontSize": "100%",
            "gridPos": {
                "h": 14,
                "w": 16,
                "x": 0,
                "y": 7
            },
            "id": 4,
            "interval": "",
            "links": [],
            "options": {},
            "pageSize": 50,
            "scroll": true,
            "showHeader": true,
            "sort": {
                "col": 1,
                "desc": false
            },
            "styles": [
                {
                    "alias": "Time",
                    "align": "auto",
                    "dateFormat": "YYYY-MM-DD HH:mm:ss.SSS",
                    "pattern": "@timestamp",
                    "type": "date"
                },
                {
                    "alias": "Message template",
                    "align": "auto",
                    "colorMode": null,
                    "colors": [
                        "rgba(245, 54, 54, 0.9)",
                        "rgba(237, 129, 40, 0.89)",
                        "rgba(50, 172, 45, 0.97)"
                    ],
                    "decimals": 2,
                    "link": true,
                    "linkTargetBlank": true,
                    "linkTooltip": "Learn more about the error",
                    "linkUrl": "/d/l-_bFaDWz/detal-naia-informatsiia-ob-oshibke?orgId=1&var-Datasource=$Datasource&var-id=${__cell_5}&from=$__from&to=$__to",
                    "pattern": "genericMessage",
                    "preserveFormat": false,
                    "thresholds": [],
                    "type": "string",
                    "unit": "short"
                },
                {
                    "alias": "RN",
                    "align": "auto",
                    "colorMode": null,
                    "colors": [
                        "rgba(245, 54, 54, 0.9)",
                        "rgba(237, 129, 40, 0.89)",
                        "rgba(50, 172, 45, 0.97)"
                    ],
                    "dateFormat": "YYYY-MM-DD HH:mm:ss",
                    "decimals": 2,
                    "mappingType": 1,
                    "pattern": "requestNumber",
                    "thresholds": [],
                    "type": "string",
                    "unit": "short"
                },
                {
                    "alias": "Level",
                    "align": "auto",
                    "colorMode": null,
                    "colors": [
                        "#37872D",
                        "#FA6400",
                        "#C4162A"
                    ],
                    "dateFormat": "YYYY-MM-DD HH:mm:ss",
                    "decimals": 2,
                    "mappingType": 1,
                    "pattern": "logLevel",
                    "thresholds": [
                        "2",
                        "4"
                    ],
                    "type": "string",
                    "unit": "short",
                    "valueMaps": []
                },
                {
                    "alias": "User",
                    "align": "auto",
                    "colorMode": null,
                    "colors": [
                        "rgba(245, 54, 54, 0.9)",
                        "rgba(237, 129, 40, 0.89)",
                        "rgba(50, 172, 45, 0.97)"
                    ],
                    "dateFormat": "YYYY-MM-DD HH:mm:ss",
                    "decimals": 2,
                    "mappingType": 1,
                    "pattern": "user",
                    "thresholds": [],
                    "type": "string",
                    "unit": "short"
                },
                {
                    "alias": "",
                    "align": "auto",
                    "colorMode": null,
                    "colors": [
                        "rgba(245, 54, 54, 0.9)",
                        "rgba(237, 129, 40, 0.89)",
                        "rgba(50, 172, 45, 0.97)"
                    ],
                    "dateFormat": "YYYY-MM-DD HH:mm:ss",
                    "decimals": 2,
                    "mappingType": 1,
                    "pattern": "_id",
                    "thresholds": [],
                    "type": "hidden",
                    "unit": "short"
                }
            ],
            "targets": [
                {
                    "bucketAggs": [],
                    "metrics": [
                        {
                            "field": "select field",
                            "id": "1",
                            "meta": {},
                            "settings": {
                                "size": 1000
                            },
                            "type": "raw_document"
                        }
                    ],
                    "query": "logLevel: $logLevel AND serviceName: $serviceName",
                    "refId": "A",
                    "timeField": "@timestamp"
                }
            ],
            "timeFrom": null,
            "timeShift": null,
            "title": "Event list",
            "transform": "json",
            "type": "table"
        },
        {
            "columns": [],
            "datasource": null,
            "description": "Request numbers",
            "fontSize": "100%",
            "gridPos": {
                "h": 10,
                "w": 3,
                "x": 16,
                "y": 7
            },
            "id": 16,
            "interval": "",
            "links": [],
            "options": {},
            "pageSize": null,
            "scroll": true,
            "showHeader": true,
            "sort": {
                "col": 1,
                "desc": false
            },
            "styles": [
                {
                    "alias": "RequestNumber",
                    "align": "auto",
                    "dateFormat": "YYYY-MM-DD HH:mm:ss",
                    "pattern": "requestNumber",
                    "type": "string"
                },
                {
                    "alias": "",
                    "align": "auto",
                    "colorMode": null,
                    "colors": [
                        "rgba(245, 54, 54, 0.9)",
                        "rgba(237, 129, 40, 0.89)",
                        "rgba(50, 172, 45, 0.97)"
                    ],
                    "dateFormat": "YYYY-MM-DD HH:mm:ss",
                    "decimals": 2,
                    "mappingType": 1,
                    "pattern": "Count",
                    "thresholds": [],
                    "type": "hidden",
                    "unit": "short"
                }
            ],
            "targets": [
                {
                    "bucketAggs": [
                        {
                            "field": "requestNumber",
                            "id": "2",
                            "settings": {
                                "min_doc_count": 1,
                                "order": "desc",
                                "orderBy": "_term",
                                "size": "0"
                            },
                            "type": "terms"
                        }
                    ],
                    "metrics": [
                        {
                            "field": "select field",
                            "id": "1",
                            "meta": {},
                            "settings": {},
                            "type": "count"
                        }
                    ],
                    "query": "logLevel: $logLevel AND serviceName: $serviceName",
                    "refId": "A",
                    "timeField": "@timestamp"
                }
            ],
            "timeFrom": null,
            "timeShift": null,
            "title": "",
            "transform": "table",
            "type": "table"
        },
        {
            "columns": [],
            "datasource": null,
            "description": "Number of events for each IP address",
            "fontSize": "100%",
            "gridPos": {
                "h": 6,
                "w": 5,
                "x": 19,
                "y": 7
            },
            "id": 12,
            "interval": "",
            "links": [],
            "options": {},
            "pageSize": null,
            "scroll": true,
            "showHeader": true,
            "sort": {
                "col": 0,
                "desc": true
            },
            "styles": [
                {
                    "alias": "IP",
                    "align": "auto",
                    "dateFormat": "YYYY-MM-DD HH:mm:ss",
                    "pattern": "ip",
                    "type": "string"
                },
                {
                    "alias": "",
                    "align": "auto",
                    "colorMode": null,
                    "colors": [
                        "rgba(245, 54, 54, 0.9)",
                        "rgba(237, 129, 40, 0.89)",
                        "rgba(50, 172, 45, 0.97)"
                    ],
                    "dateFormat": "YYYY-MM-DD HH:mm:ss",
                    "decimals": 2,
                    "mappingType": 1,
                    "pattern": "Count",
                    "thresholds": [],
                    "type": "string",
                    "unit": "short"
                }
            ],
            "targets": [
                {
                    "bucketAggs": [
                        {
                            "field": "ip",
                            "id": "2",
                            "settings": {
                                "min_doc_count": 1,
                                "order": "desc",
                                "orderBy": "_term",
                                "size": "0"
                            },
                            "type": "terms"
                        }
                    ],
                    "metrics": [
                        {
                            "field": "select field",
                            "id": "1",
                            "meta": {},
                            "settings": {},
                            "type": "count"
                        }
                    ],
                    "query": "logLevel: $logLevel AND serviceName: $serviceName",
                    "refId": "A",
                    "timeField": "@timestamp"
                }
            ],
            "timeFrom": null,
            "timeShift": null,
            "title": "",
            "transform": "table",
            "type": "table"
        },
        {
            "columns": [],
            "datasource": null,
            "description": "Localization of the NOMAD user app",
            "fontSize": "100%",
            "gridPos": {
                "h": 4,
                "w": 5,
                "x": 19,
                "y": 13
            },
            "id": 18,
            "interval": "",
            "links": [],
            "options": {},
            "pageSize": null,
            "scroll": true,
            "showHeader": true,
            "sort": {
                "col": 1,
                "desc": false
            },
            "styles": [
                {
                    "alias": "Localization",
                    "align": "auto",
                    "dateFormat": "YYYY-MM-DD HH:mm:ss",
                    "pattern": "localization",
                    "type": "string"
                },
                {
                    "alias": "Count",
                    "align": "auto",
                    "colorMode": null,
                    "colors": [
                        "rgba(245, 54, 54, 0.9)",
                        "rgba(237, 129, 40, 0.89)",
                        "rgba(50, 172, 45, 0.97)"
                    ],
                    "dateFormat": "YYYY-MM-DD HH:mm:ss",
                    "decimals": 0,
                    "mappingType": 1,
                    "pattern": "Count",
                    "thresholds": [],
                    "type": "number",
                    "unit": "none"
                }
            ],
            "targets": [
                {
                    "bucketAggs": [
                        {
                            "fake": true,
                            "field": "localization",
                            "id": "3",
                            "settings": {
                                "min_doc_count": 1,
                                "order": "desc",
                                "orderBy": "_term",
                                "size": "10"
                            },
                            "type": "terms"
                        }
                    ],
                    "metrics": [
                        {
                            "field": "select field",
                            "id": "1",
                            "meta": {},
                            "settings": {},
                            "type": "count"
                        }
                    ],
                    "query": "logLevel: $logLevel AND serviceName: $serviceName",
                    "refId": "A",
                    "timeField": "@timestamp"
                }
            ],
            "timeFrom": null,
            "timeShift": null,
            "title": "",
            "transform": "table",
            "type": "table"
        },
        {
            "columns": [],
            "datasource": null,
            "description": "Applications that established connection to the NOMAD service",
            "fontSize": "100%",
            "gridPos": {
                "h": 4,
                "w": 3,
                "x": 16,
                "y": 17
            },
            "id": 14,
            "interval": "",
            "links": [],
            "options": {},
            "pageSize": null,
            "scroll": true,
            "showHeader": true,
            "sort": {
                "col": 0,
                "desc": true
            },
            "styles": [
                {
                    "alias": "Application",
                    "align": "auto",
                    "dateFormat": "YYYY-MM-DD HH:mm:ss",
                    "pattern": "application",
                    "type": "string"
                },
                {
                    "alias": "",
                    "align": "auto",
                    "colorMode": null,
                    "colors": [
                        "rgba(245, 54, 54, 0.9)",
                        "rgba(237, 129, 40, 0.89)",
                        "rgba(50, 172, 45, 0.97)"
                    ],
                    "dateFormat": "YYYY-MM-DD HH:mm:ss",
                    "decimals": 2,
                    "mappingType": 1,
                    "pattern": "Count",
                    "thresholds": [],
                    "type": "hidden",
                    "unit": "short"
                }
            ],
            "targets": [
                {
                    "bucketAggs": [
                        {
                            "field": "application",
                            "id": "2",
                            "settings": {
                                "min_doc_count": 1,
                                "order": "desc",
                                "orderBy": "_term",
                                "size": "0"
                            },
                            "type": "terms"
                        }
                    ],
                    "metrics": [
                        {
                            "field": "select field",
                            "id": "1",
                            "meta": {},
                            "settings": {},
                            "type": "count"
                        }
                    ],
                    "query": "logLevel: $logLevel AND serviceName: $serviceName",
                    "refId": "A",
                    "timeField": "@timestamp"
                }
            ],
            "timeFrom": null,
            "timeShift": null,
            "title": "",
            "transform": "table",
            "type": "table"
        },
        {
            "columns": [],
            "datasource": null,
            "description": "Directum adapter and NOMAD service versions",
            "fontSize": "100%",
            "gridPos": {
                "h": 4,
                "w": 5,
                "x": 19,
                "y": 17
            },
            "id": 21,
            "interval": "",
            "links": [],
            "options": {},
            "pageSize": null,
            "scroll": true,
            "showHeader": true,
            "sort": {
                "col": 1,
                "desc": false
            },
            "styles": [
                {
                    "alias": "NOMAD version",
                    "align": "auto",
                    "dateFormat": "YYYY-MM-DD HH:mm:ss",
                    "pattern": "nomadVersion",
                    "type": "string"
                },
                {
                    "alias": "",
                    "align": "auto",
                    "colorMode": null,
                    "colors": [
                        "rgba(245, 54, 54, 0.9)",
                        "rgba(237, 129, 40, 0.89)",
                        "rgba(50, 172, 45, 0.97)"
                    ],
                    "dateFormat": "YYYY-MM-DD HH:mm:ss",
                    "decimals": 2,
                    "mappingType": 1,
                    "pattern": "Count",
                    "thresholds": [],
                    "type": "hidden",
                    "unit": "short"
                },
                {
                    "alias": "Adapter version",
                    "align": "auto",
                    "colorMode": null,
                    "colors": [
                        "rgba(245, 54, 54, 0.9)",
                        "rgba(237, 129, 40, 0.89)",
                        "rgba(50, 172, 45, 0.97)"
                    ],
                    "dateFormat": "YYYY-MM-DD HH:mm:ss",
                    "decimals": 2,
                    "mappingType": 1,
                    "pattern": "adapterVersion",
                    "thresholds": [],
                    "type": "string",
                    "unit": "short"
                }
            ],
            "targets": [
                {
                    "bucketAggs": [
                        {
                            "fake": true,
                            "field": "adapterVersion",
                            "id": "3",
                            "settings": {
                                "min_doc_count": 1,
                                "order": "desc",
                                "orderBy": "_term",
                                "size": "10"
                            },
                            "type": "terms"
                        },
                        {
                            "field": "nomadVersion",
                            "id": "2",
                            "settings": {
                                "min_doc_count": 1,
                                "order": "desc",
                                "orderBy": "_term",
                                "size": "0"
                            },
                            "type": "terms"
                        }
                    ],
                    "metrics": [
                        {
                            "field": "select field",
                            "id": "1",
                            "meta": {},
                            "settings": {},
                            "type": "count"
                        }
                    ],
                    "query": "logLevel: $logLevel AND serviceName: $serviceName",
                    "refId": "A",
                    "timeField": "@timestamp"
                }
            ],
            "timeFrom": null,
            "timeShift": null,
            "title": "",
            "transform": "table",
            "type": "table"
        }
    ],
    "refresh": false,
    "schemaVersion": 22,
    "style": "dark",
    "tags": [
        "DirectumRX"
    ],
    "templating": {
        "list": [
            {
                "allValue": "",
                "current": {
                    "text": "All",
                    "value": "$__all"
                },
                "datasource": "RX-log",
                "definition": "{\"find\":\"terms\",\"field\":\"logLevel\"}",
                "hide": 0,
                "includeAll": true,
                "label": "LogLevel",
                "multi": true,
                "name": "logLevel",
                "options": [
                    {
                        "selected": true,
                        "text": "All",
                        "value": "$__all"
                    },
                    {
                        "selected": false,
                        "text": "Debug",
                        "value": "Debug"
                    },
                    {
                        "selected": false,
                        "text": "Error",
                        "value": "Error"
                    },
                    {
                        "selected": false,
                        "text": "Fatal",
                        "value": "Fatal"
                    },
                    {
                        "selected": false,
                        "text": "Info",
                        "value": "Info"
                    },
                    {
                        "selected": false,
                        "text": "Trace",
                        "value": "Trace"
                    },
                    {
                        "selected": false,
                        "text": "Warn",
                        "value": "Warn"
                    }
                ],
                "query": "{\"find\":\"terms\",\"field\":\"logLevel\"}",
                "refresh": 0,
                "regex": "/[A-Za-z].*/",
                "skipUrlSync": false,
                "sort": 0,
                "tagValuesQuery": "",
                "tags": [],
                "tagsQuery": "",
                "type": "query",
                "useTags": false
            },
            {
                "allValue": null,
                "current": {
                    "text": "Nomad",
                    "value": "Nomad"
                },
                "datasource": "RX-log",
                "definition": "{\"find\":\"terms\",\"field\":\"serviceName\"}",
                "hide": 2,
                "includeAll": false,
                "label": "serviceName",
                "multi": false,
                "name": "serviceName",
                "options": [
                    {
                        "selected": true,
                        "text": "Nomad",
                        "value": "Nomad"
                    }
                ],
                "query": "{\"find\":\"terms\",\"field\":\"serviceName\"}",
                "refresh": 0,
                "regex": "Nomad",
                "skipUrlSync": false,
                "sort": 0,
                "tagValuesQuery": "",
                "tags": [],
                "tagsQuery": "",
                "type": "query",
                "useTags": false
            },
            {
                "current": {
                    "text": "RX-log",
                    "value": "RX-log"
                },
                "hide": 2,
                "includeAll": false,
                "label": null,
                "multi": false,
                "name": "DataSource",
                "options": [],
                "query": "elasticsearch",
                "refresh": 1,
                "regex": "RX-log",
                "skipUrlSync": false,
                "type": "datasource"
            }
        ]
    },
    "time": {
        "from": "now-24h",
        "to": "now"
    },
    "timepicker": {
        "hidden": false,
        "refresh_intervals": [
            "5s",
            "10s",
            "30s",
            "1m",
            "5m",
            "15m",
            "30m",
            "1h",
            "2h",
            "1d"
        ],
        "time_options": [
            "5m",
            "15m",
            "1h",
            "6h",
            "12h",
            "24h",
            "2d",
            "7d",
            "30d"
        ]
    },
    "timezone": "",
    "title": "NOMAD",
    "uid": "4lnVowTWz",
    "version": null
}
