{
    "annotations": {
        "list": [
            {
                "builtIn": 1,
                "datasource": "-- Grafana --",
                "enable": true,
                "hide": true,
                "iconColor": "rgba(0, 211, 255, 1)",
                "name": "Annotations & Alerts",
                "type": "dashboard"
            }
        ]
    },
    "editable": true,
    "gnetId": null,
    "graphTooltip": 0,
    "id": null,
    "iteration": 1596191002866,
    "links": [
        {
            "asDropdown": true,
            "icon": "external link",
            "includeVars": false,
            "keepTime": true,
            "tags": [
                "DirectumRX"
            ],
            "targetBlank": false,
            "title": "DirectumRX",
            "type": "dashboards"
        },
        {
            "asDropdown": true,
            "icon": "external link",
            "includeVars": false,
            "keepTime": true,
            "tags": [
                "Hardware"
            ],
            "targetBlank": false,
            "title": "Hardware",
            "type": "dashboards"
        },
        {
            "asDropdown": true,
            "icon": "external link",
            "includeVars": false,
            "keepTime": true,
            "tags": [
                "Statistic"
            ],
            "targetBlank": false,
            "title": "Statistic",
            "type": "dashboards"
        }
    ],
    "panels": [
        {
            "columns": [],
            "datasource": null,
            "fontSize": "100%",
            "gridPos": {
                "h": 7,
                "w": 12,
                "x": 0,
                "y": 0
            },
            "id": 2,
            "links": [],
            "options": {},
            "pageSize": null,
            "scroll": true,
            "showHeader": true,
            "sort": {
                "col": 1,
                "desc": true
            },
            "styles": [
                {
                    "alias": "Extension",
                    "align": "auto",
                    "colorMode": null,
                    "colors": [
                        "rgba(245, 54, 54, 0.9)",
                        "rgba(237, 129, 40, 0.89)",
                        "rgba(50, 172, 45, 0.97)"
                    ],
                    "decimals": 2,
                    "pattern": "dataType",
                    "thresholds": [],
                    "type": "string",
                    "unit": "short"
                },
                {
                    "alias": "Count",
                    "align": "auto",
                    "colorMode": null,
                    "colors": [
                        "rgba(245, 54, 54, 0.9)",
                        "rgba(237, 129, 40, 0.89)",
                        "rgba(50, 172, 45, 0.97)"
                    ],
                    "dateFormat": "YYYY-MM-DD HH:mm:ss",
                    "decimals": 0,
                    "mappingType": 1,
                    "pattern": "Count",
                    "thresholds": [],
                    "type": "number",
                    "unit": "short"
                },
                {
                    "alias": "Average",
                    "align": "auto",
                    "colorMode": "value",
                    "colors": [
                        "#56A64B",
                        "#FADE2A",
                        "#E02F44"
                    ],
                    "dateFormat": "YYYY-MM-DD HH:mm:ss",
                    "decimals": 1,
                    "mappingType": 1,
                    "pattern": "Average duration",
                    "thresholds": [
                        "3000",
                        " 10000"
                    ],
                    "type": "number",
                    "unit": "ms"
                },
                {
                    "alias": "Maximum",
                    "align": "auto",
                    "colorMode": null,
                    "colors": [
                        "rgba(50, 172, 45, 0.97)",
                        "#FF9830",
                        "rgba(245, 54, 54, 0.9)"
                    ],
                    "dateFormat": "YYYY-MM-DD HH:mm:ss",
                    "decimals": 1,
                    "mappingType": 1,
                    "pattern": "Max",
                    "thresholds": [
                        "30000",
                        " 60000"
                    ],
                    "type": "number",
                    "unit": "ms"
                },
                {
                    "alias": " Average size",
                    "align": "auto",
                    "colorMode": null,
                    "colors": [
                        "rgba(245, 54, 54, 0.9)",
                        "rgba(237, 129, 40, 0.89)",
                        "rgba(50, 172, 45, 0.97)"
                    ],
                    "dateFormat": "YYYY-MM-DD HH:mm:ss",
                    "decimals": 1,
                    "mappingType": 1,
                    "pattern": "Average bytes",
                    "thresholds": [],
                    "type": "number",
                    "unit": "decbytes"
                }
            ],
            "targets": [
                {
                    "bucketAggs": [
                        {
                            "fake": true,
                            "field": "dataType",
                            "id": "3",
                            "settings": {
                                "min_doc_count": 1,
                                "missing": "Empty",
                                "order": "desc",
                                "orderBy": "_count",
                                "size": "0"
                            },
                            "type": "terms"
                        }
                    ],
                    "metrics": [
                        {
                            "field": "select field",
                            "id": "7",
                            "type": "count"
                        },
                        {
                            "field": "bytes",
                            "id": "10",
                            "meta": {},
                            "settings": {},
                            "type": "avg"
                        },
                        {
                            "field": "duration",
                            "id": "11",
                            "meta": {},
                            "settings": {},
                            "type": "avg"
                        },
                        {
                            "field": "duration",
                            "id": "12",
                            "meta": {},
                            "settings": {},
                            "type": "max"
                        }
                    ],
                    "query": "serviceName : \"PreviewService\" AND operation: \"conversion\" AND dataType:*",
                    "refId": "A",
                    "timeField": "@timestamp"
                }
            ],
            "timeFrom": null,
            "timeShift": null,
            "title": "Document conversion duration",
            "transform": "table",
            "type": "table"
        },
        {
            "columns": [],
            "datasource": null,
            "fontSize": "100%",
            "gridPos": {
                "h": 7,
                "w": 12,
                "x": 12,
                "y": 0
            },
            "id": 14,
            "options": {},
            "pageSize": null,
            "scroll": true,
            "showHeader": true,
            "sort": {
                "col": 1,
                "desc": true
            },
            "styles": [
                {
                    "alias": "Extension",
                    "align": "auto",
                    "colorMode": null,
                    "colors": [
                        "rgba(245, 54, 54, 0.9)",
                        "rgba(237, 129, 40, 0.89)",
                        "rgba(50, 172, 45, 0.97)"
                    ],
                    "dateFormat": "YYYY-MM-DD HH:mm:ss",
                    "decimals": 2,
                    "mappingType": 1,
                    "pattern": "dataType",
                    "thresholds": [],
                    "type": "string",
                    "unit": "short"
                },
                {
                    "alias": "Count",
                    "align": "auto",
                    "colorMode": null,
                    "colors": [
                        "rgba(245, 54, 54, 0.9)",
                        "rgba(237, 129, 40, 0.89)",
                        "rgba(50, 172, 45, 0.97)"
                    ],
                    "dateFormat": "YYYY-MM-DD HH:mm:ss",
                    "decimals": 0,
                    "mappingType": 1,
                    "pattern": "Count",
                    "thresholds": [],
                    "type": "number",
                    "unit": "short"
                },
                {
                    "alias": " Average size",
                    "align": "auto",
                    "colorMode": null,
                    "colors": [
                        "rgba(245, 54, 54, 0.9)",
                        "rgba(237, 129, 40, 0.89)",
                        "rgba(50, 172, 45, 0.97)"
                    ],
                    "dateFormat": "YYYY-MM-DD HH:mm:ss",
                    "decimals": 1,
                    "mappingType": 1,
                    "pattern": "Average bytes",
                    "thresholds": [],
                    "type": "number",
                    "unit": "decbytes"
                },
                {
                    "alias": " Maximum",
                    "align": "auto",
                    "colorMode": null,
                    "colors": [
                        "rgba(50, 172, 45, 0.97)",
                        "#FF9830",
                        "rgba(245, 54, 54, 0.9)"
                    ],
                    "dateFormat": "YYYY-MM-DD HH:mm:ss",
                    "decimals": 1,
                    "mappingType": 1,
                    "pattern": "Max",
                    "thresholds": [
                        "500",
                        " 1000",
                        " 2000"
                    ],
                    "type": "number",
                    "unit": "ms"
                },
                {
                    "alias": "Average",
                    "align": "auto",
                    "colorMode": "value",
                    "colors": [
                        "#56A64B",
                        "#FADE2A",
                        "#E02F44"
                    ],
                    "dateFormat": "YYYY-MM-DD HH:mm:ss",
                    "decimals": 1,
                    "mappingType": 1,
                    "pattern": "Average duration",
                    "thresholds": [
                        "1000",
                        " 3000"
                    ],
                    "type": "number",
                    "unit": "ms"
                }
            ],
            "targets": [
                {
                    "bucketAggs": [
                        {
                            "field": "dataType",
                            "id": "2",
                            "settings": {
                                "min_doc_count": 1,
                                "order": "desc",
                                "orderBy": "_count",
                                "size": "0"
                            },
                            "type": "terms"
                        }
                    ],
                    "metrics": [
                        {
                            "field": "fileSize",
                            "id": "4",
                            "meta": {},
                            "settings": {},
                            "type": "count"
                        },
                        {
                            "field": "bytes",
                            "id": "5",
                            "meta": {},
                            "settings": {},
                            "type": "avg"
                        },
                        {
                            "field": "duration",
                            "id": "6",
                            "meta": {},
                            "settings": {},
                            "type": "avg"
                        },
                        {
                            "field": "duration",
                            "id": "7",
                            "meta": {},
                            "settings": {},
                            "type": "max"
                        }
                    ],
                    "query": "serviceName : \"PreviewService\" AND operation: \"downloading\" AND dataType:*",
                    "refId": "A",
                    "timeField": "@timestamp"
                }
            ],
            "timeFrom": null,
            "timeShift": null,
            "title": "Document downloading duration",
            "transform": "table",
            "type": "table"
        },
        {
            "columns": [
                {
                    "text": "_id",
                    "value": "_id"
                },
                {
                    "text": "@timestamp",
                    "value": "@timestamp"
                },
                {
                    "text": "id",
                    "value": "id"
                },
                {
                    "text": "binaryDataId",
                    "value": "binaryDataId"
                },
                {
                    "text": "pages",
                    "value": "pages"
                },
                {
                    "text": "source",
                    "value": "source"
                }
            ],
            "datasource": null,
            "fontSize": "100%",
            "gridPos": {
                "h": 7,
                "w": 24,
                "x": 0,
                "y": 7
            },
            "id": 8,
            "links": [],
            "options": {},
            "pageSize": null,
            "scroll": true,
            "showHeader": true,
            "sort": {
                "col": 1,
                "desc": true
            },
            "styles": [
                {
                    "alias": "Time",
                    "align": "auto",
                    "dateFormat": "YYYY-MM-DD HH:mm:ss.SSS",
                    "pattern": "@timestamp",
                    "type": "date"
                },
                {
                    "alias": "Document content ID",
                    "align": "auto",
                    "colorMode": null,
                    "colors": [
                        "rgba(245, 54, 54, 0.9)",
                        "rgba(237, 129, 40, 0.89)",
                        "rgba(50, 172, 45, 0.97)"
                    ],
                    "dateFormat": "YYYY-MM-DD HH:mm:ss",
                    "decimals": 0,
                    "link": true,
                    "linkTargetBlank": true,
                    "linkTooltip": "Learn more",
                    "linkUrl": "/d/l-_bFaDWz/detail-dashboard-detailed-error-information?var-id=${__cell_0}&from=$__from&to=$__to",
                    "mappingType": 1,
                    "pattern": "binaryDataId",
                    "preserveFormat": false,
                    "thresholds": [],
                    "type": "string",
                    "unit": "short"
                },
                {
                    "alias": "Document ID in the system",
                    "align": "auto",
                    "colorMode": null,
                    "colors": [
                        "rgba(245, 54, 54, 0.9)",
                        "rgba(237, 129, 40, 0.89)",
                        "rgba(50, 172, 45, 0.97)"
                    ],
                    "dateFormat": "YYYY-MM-DD HH:mm:ss",
                    "decimals": 0,
                    "mappingType": 1,
                    "pattern": "id",
                    "thresholds": [],
                    "type": "number",
                    "unit": "none"
                },
                {
                    "alias": "Message",
                    "align": "auto",
                    "colorMode": null,
                    "colors": [
                        "rgba(245, 54, 54, 0.9)",
                        "rgba(237, 129, 40, 0.89)",
                        "rgba(50, 172, 45, 0.97)"
                    ],
                    "dateFormat": "YYYY-MM-DD HH:mm:ss",
                    "decimals": 2,
                    "link": false,
                    "linkTargetBlank": false,
                    "linkTooltip": "",
                    "linkUrl": "",
                    "mappingType": 1,
                    "pattern": "message",
                    "preserveFormat": false,
                    "sanitize": false,
                    "thresholds": [],
                    "type": "string",
                    "unit": "short"
                },
                {
                    "alias": "Log file",
                    "align": "auto",
                    "colorMode": null,
                    "colors": [
                        "rgba(245, 54, 54, 0.9)",
                        "rgba(237, 129, 40, 0.89)",
                        "rgba(50, 172, 45, 0.97)"
                    ],
                    "dateFormat": "YYYY-MM-DD HH:mm:ss",
                    "decimals": 2,
                    "mappingType": 1,
                    "pattern": "source",
                    "thresholds": [],
                    "type": "string",
                    "unit": "short"
                },
                {
                    "alias": "",
                    "align": "auto",
                    "colorMode": null,
                    "colors": [
                        "rgba(245, 54, 54, 0.9)",
                        "rgba(237, 129, 40, 0.89)",
                        "rgba(50, 172, 45, 0.97)"
                    ],
                    "dateFormat": "YYYY-MM-DD HH:mm:ss",
                    "decimals": 2,
                    "mappingType": 1,
                    "pattern": "_id",
                    "thresholds": [],
                    "type": "hidden",
                    "unit": "short"
                }
            ],
            "targets": [
                {
                    "bucketAggs": [],
                    "metrics": [
                        {
                            "field": "binDataId",
                            "id": "6",
                            "meta": {},
                            "settings": {
                                "size": 500
                            },
                            "type": "raw_document"
                        }
                    ],
                    "query": "serviceName : \"PreviewService\" AND logLevel: \"Error\" AND operation: \"conversion\"",
                    "refId": "A",
                    "timeField": "@timestamp"
                }
            ],
            "timeFrom": null,
            "timeShift": null,
            "title": " Unconverted documents",
            "transform": "json",
            "type": "table"
        },
        {
            "columns": [
                {
                    "text": "@timestamp",
                    "value": "@timestamp"
                },
                {
                    "text": "duration",
                    "value": "duration"
                },
                {
                    "text": "bytes",
                    "value": "bytes"
                },
                {
                    "text": "dataType",
                    "value": "dataType"
                },
                {
                    "text": "binaryDataId",
                    "value": "binaryDataId"
                }
            ],
            "datasource": null,
            "fontSize": "100%",
            "gridPos": {
                "h": 7,
                "w": 24,
                "x": 0,
                "y": 14
            },
            "id": 16,
            "links": [],
            "options": {},
            "pageSize": null,
            "scroll": true,
            "showHeader": true,
            "sort": {
                "col": 1,
                "desc": true
            },
            "styles": [
                {
                    "alias": "Time",
                    "align": "auto",
                    "dateFormat": "YYYY-MM-DD HH:mm:ss",
                    "pattern": "@timestamp",
                    "type": "date"
                },
                {
                    "alias": "Execution time",
                    "align": "auto",
                    "colorMode": null,
                    "colors": [
                        "rgba(245, 54, 54, 0.9)",
                        "rgba(237, 129, 40, 0.89)",
                        "rgba(50, 172, 45, 0.97)"
                    ],
                    "dateFormat": "YYYY-MM-DD HH:mm:ss",
                    "decimals": 1,
                    "mappingType": 1,
                    "pattern": "duration",
                    "thresholds": [],
                    "type": "number",
                    "unit": "ms"
                },
                {
                    "alias": "Extension",
                    "align": "auto",
                    "colorMode": null,
                    "colors": [
                        "rgba(245, 54, 54, 0.9)",
                        "rgba(237, 129, 40, 0.89)",
                        "rgba(50, 172, 45, 0.97)"
                    ],
                    "dateFormat": "YYYY-MM-DD HH:mm:ss",
                    "decimals": 2,
                    "mappingType": 1,
                    "pattern": "dataType",
                    "thresholds": [],
                    "type": "string",
                    "unit": "short"
                },
                {
                    "alias": "Document content ID",
                    "align": "auto",
                    "colorMode": null,
                    "colors": [
                        "rgba(245, 54, 54, 0.9)",
                        "rgba(237, 129, 40, 0.89)",
                        "rgba(50, 172, 45, 0.97)"
                    ],
                    "dateFormat": "YYYY-MM-DD HH:mm:ss",
                    "decimals": 2,
                    "mappingType": 1,
                    "pattern": "binaryDataId",
                    "thresholds": [],
                    "type": "string",
                    "unit": "short"
                },
                {
                    "alias": "Size",
                    "align": "auto",
                    "colorMode": null,
                    "colors": [
                        "rgba(245, 54, 54, 0.9)",
                        "rgba(237, 129, 40, 0.89)",
                        "rgba(50, 172, 45, 0.97)"
                    ],
                    "dateFormat": "YYYY-MM-DD HH:mm:ss",
                    "decimals": 1,
                    "mappingType": 1,
                    "pattern": "bytes",
                    "thresholds": [],
                    "type": "number",
                    "unit": "decbytes"
                }
            ],
            "targets": [
                {
                    "bucketAggs": [],
                    "metrics": [
                        {
                            "field": "select field",
                            "id": "1",
                            "meta": {},
                            "settings": {
                                "size": 500
                            },
                            "type": "raw_document"
                        }
                    ],
                    "query": "serviceName : \"PreviewService\" AND operation: \"conversion\" AND dataType:*",
                    "refId": "A",
                    "timeField": "@timestamp"
                }
            ],
            "timeFrom": null,
            "timeShift": null,
            "title": "Converted documents",
            "transform": "json",
            "type": "table"
        }
    ],
    "refresh": false,
    "schemaVersion": 22,
    "style": "dark",
    "tags": [
        "DirectumRX"
    ],
    "templating": {
        "list": [
            {
                "allValue": null,
                "current": {
                    "text": "ServiceLogs",
                    "value": "ServiceLogs"
                },
                "datasource": "$Datasource",
                "definition": "{\"find\":\"terms\",\"field\":\"fields.rx_server\"}",
                "hide": 0,
                "includeAll": true,
                "label": "System name",
                "multi": true,
                "name": "server",
                "options": [],
                "query": "{\"find\":\"terms\",\"field\":\"fields.rx_server\"}",
                "refresh": 2,
                "regex": "",
                "skipUrlSync": false,
                "sort": 0,
                "tagValuesQuery": "",
                "tags": [],
                "tagsQuery": "",
                "type": "query",
                "useTags": false
            },
            {
                "current": {
                    "text": "default",
                    "value": "default"
                },
                "hide": 2,
                "includeAll": false,
                "label": null,
                "multi": false,
                "name": "Datasource",
                "options": [],
                "query": "elasticsearch",
                "refresh": 1,
                "regex": "default",
                "skipUrlSync": false,
                "type": "datasource"
            },
            {
                "allValue": null,
                "current": {
                    "text": "PreviewService",
                    "value": "PreviewService"
                },
                "datasource": "$Datasource",
                "definition": "{\"find\":\"terms\",\"field\":\"serviceName\"}",
                "hide": 2,
                "includeAll": false,
                "label": "serviceName",
                "multi": false,
                "name": "serviceName",
                "options": [
                    {
                        "selected": false,
                        "text": "PreviewService",
                        "value": "PreviewService"
                    }
                ],
                "query": "{\"find\":\"terms\",\"field\":\"serviceName\"}",
                "refresh": 0,
                "regex": "PreviewService",
                "skipUrlSync": false,
                "sort": 0,
                "tagValuesQuery": "",
                "tags": [],
                "tagsQuery": "",
                "type": "query",
                "useTags": false
            },
            {
                "allValue": null,
                "current": {
                    "text": "Error",
                    "value": "Error"
                },
                "datasource": "$Datasource",
                "definition": "{\"find\":\"terms\",\"field\": \"logLevel\"}",
                "hide": 2,
                "includeAll": true,
                "label": "logLevel",
                "multi": false,
                "name": "logLevel",
                "options": [
                    {
                        "selected": true,
                        "text": "All",
                        "value": "$__all"
                    },
                    {
                        "selected": false,
                        "text": "",
                        "value": ""
                    },
                    {
                        "selected": false,
                        "text": "Debug",
                        "value": "Debug"
                    },
                    {
                        "selected": false,
                        "text": "Error",
                        "value": "Error"
                    },
                    {
                        "selected": false,
                        "text": "Fatal",
                        "value": "Fatal"
                    },
                    {
                        "selected": false,
                        "text": "Info",
                        "value": "Info"
                    },
                    {
                        "selected": false,
                        "text": "JSON:",
                        "value": "JSON:"
                    },
                    {
                        "selected": false,
                        "text": "NFL:",
                        "value": "NFL:"
                    },
                    {
                        "selected": false,
                        "text": "Trace",
                        "value": "Trace"
                    },
                    {
                        "selected": false,
                        "text": "Warn",
                        "value": "Warn"
                    },
                    {
                        "selected": false,
                        "text": "available'",
                        "value": "available'"
                    },
                    {
                        "selected": false,
                        "text": "call",
                        "value": "call"
                    },
                    {
                        "selected": false,
                        "text": "denied.'",
                        "value": "denied.'"
                    },
                    {
                        "selected": false,
                        "text": "from",
                        "value": "from"
                    },
                    {
                        "selected": false,
                        "text": "incorrect.'",
                        "value": "incorrect.'"
                    },
                    {
                        "selected": false,
                        "text": "service.",
                        "value": "service."
                    },
                    {
                        "selected": false,
                        "text": "\u0432\u0435\u0431-\u0434\u043e\u0441\u0442\u0443\u043f\u0443..",
                        "value": "\u0432\u0435\u0431-\u0434\u043e\u0441\u0442\u0443\u043f\u0443.."
                    },
                    {
                        "selected": false,
                        "text": "\u0437\u0430\u043f\u0443\u0441\u043a\u0430",
                        "value": "\u0437\u0430\u043f\u0443\u0441\u043a\u0430"
                    }
                ],
                "query": "{\"find\":\"terms\",\"field\": \"logLevel\"}",
                "refresh": 0,
                "regex": "",
                "skipUrlSync": false,
                "sort": 0,
                "tagValuesQuery": "",
                "tags": [],
                "tagsQuery": "",
                "type": "query",
                "useTags": false
            }
        ]
    },
    "time": {
        "from": "now-24h",
        "to": "now"
    },
    "timepicker": {
        "refresh_intervals": [
            "5s",
            "10s",
            "30s",
            "1m",
            "5m",
            "15m",
            "30m",
            "1h",
            "2h",
            "1d"
        ],
        "time_options": [
            "5m",
            "15m",
            "1h",
            "6h",
            "12h",
            "24h",
            "2d",
            "7d",
            "30d"
        ]
    },
    "timezone": "",
    "title": "Preview Service",
    "uid": "rrlydDFZk",
    "version": null
}
