{
    "annotations": {
        "list": [
            {
                "builtIn": 1,
                "datasource": "-- Grafana --",
                "enable": true,
                "hide": true,
                "iconColor": "rgba(0, 211, 255, 1)",
                "name": "Annotations & Alerts",
                "type": "dashboard"
            }
        ]
    },
    "editable": true,
    "gnetId": null,
    "graphTooltip": 0,
    "id": null,
    "iteration": 1586171575530,
    "links": [
        {
            "asDropdown": true,
            "icon": "external link",
            "includeVars": false,
            "keepTime": true,
            "tags": [
                "DirectumRX"
            ],
            "targetBlank": false,
            "title": "DirectumRX",
            "type": "dashboards"
        },
        {
            "asDropdown": true,
            "icon": "external link",
            "keepTime": true,
            "tags": [
                "Hardware"
            ],
            "targetBlank": false,
            "title": "Hardware",
            "type": "dashboards"
        },
        {
            "asDropdown": true,
            "icon": "external link",
            "keepTime": true,
            "tags": [
                "Statistic"
            ],
            "targetBlank": false,
            "title": "Statistic",
            "type": "dashboards"
        }
    ],
    "panels": [
        {
            "columns": [
                {
                    "text": "@timestamp",
                    "value": "@timestamp"
                },
                {
                    "text": "tenant",
                    "value": "tenant"
                },
                {
                    "text": "user",
                    "value": "user"
                },
                {
                    "text": "@version",
                    "value": "@version"
                },
                {
                    "text": "message",
                    "value": "message"
                },
                {
                    "text": "exceptionType",
                    "value": "exceptionType"
                },
                {
                    "text": "logLevel",
                    "value": "logLevel"
                },
                {
                    "text": "source",
                    "value": "source"
                }
            ],
            "datasource": null,
            "fontSize": "100%",
            "gridPos": {
                "h": 5,
                "w": 24,
                "x": 0,
                "y": 0
            },
            "id": 4,
            "links": [],
            "options": {},
            "pageSize": null,
            "scroll": true,
            "showHeader": true,
            "sort": {
                "col": 0,
                "desc": true
            },
            "styles": [
                {
                    "alias": "Log file",
                    "align": "auto",
                    "colorMode": null,
                    "dateFormat": "YYYY-MM-DD HH:mm:ss",
                    "link": false,
                    "linkTargetBlank": false,
                    "linkTooltip": "",
                    "linkUrl": "",
                    "mappingType": 1,
                    "pattern": "source",
                    "preserveFormat": false,
                    "rangeMaps": [
                        {
                            "from": "",
                            "text": "",
                            "to": ""
                        }
                    ],
                    "sanitize": false,
                    "type": "string",
                    "valueMaps": []
                },
                {
                    "alias": "Time",
                    "align": "auto",
                    "colorMode": null,
                    "colors": [
                        "rgba(245, 54, 54, 0.9)",
                        "rgba(237, 129, 40, 0.89)",
                        "rgba(50, 172, 45, 0.97)"
                    ],
                    "dateFormat": "YYYY-MM-DD HH:mm:ss",
                    "decimals": 2,
                    "mappingType": 1,
                    "pattern": "@timestamp",
                    "thresholds": [],
                    "type": "date",
                    "unit": "short"
                },
                {
                    "alias": "Severity level",
                    "align": "auto",
                    "colorMode": null,
                    "colors": [
                        "rgba(245, 54, 54, 0.9)",
                        "rgba(237, 129, 40, 0.89)",
                        "rgba(50, 172, 45, 0.97)"
                    ],
                    "decimals": 2,
                    "pattern": "exceptionType",
                    "thresholds": [],
                    "type": "string",
                    "unit": "short"
                },
                {
                    "alias": "Message",
                    "align": "auto",
                    "colorMode": null,
                    "colors": [
                        "rgba(245, 54, 54, 0.9)",
                        "rgba(237, 129, 40, 0.89)",
                        "rgba(50, 172, 45, 0.97)"
                    ],
                    "dateFormat": "YYYY-MM-DD HH:mm:ss",
                    "decimals": 2,
                    "mappingType": 1,
                    "pattern": "message",
                    "preserveFormat": false,
                    "sanitize": false,
                    "thresholds": [],
                    "type": "string",
                    "unit": "short"
                }
            ],
            "targets": [
                {
                    "bucketAggs": [],
                    "metrics": [
                        {
                            "field": "select field",
                            "id": "1",
                            "meta": {},
                            "settings": {
                                "size": 250
                            },
                            "type": "raw_document"
                        }
                    ],
                    "query": "_id:$id",
                    "refId": "A",
                    "timeField": "@timestamp"
                }
            ],
            "title": "Error list",
            "transform": "json",
            "type": "table"
        },
        {
            "columns": [
                {
                    "text": "stackTrace",
                    "value": "stackTrace"
                }
            ],
            "datasource": null,
            "fontSize": "100%",
            "gridPos": {
                "h": 15,
                "w": 24,
                "x": 0,
                "y": 5
            },
            "id": 6,
            "links": [],
            "options": {},
            "pageSize": 10,
            "scroll": true,
            "showHeader": true,
            "sort": {
                "col": 1,
                "desc": true
            },
            "styles": [
                {
                    "alias": "stackTrace",
                    "align": "auto",
                    "dateFormat": "YYYY-MM-DD HH:mm:ss",
                    "pattern": "stackTrace",
                    "preserveFormat": true,
                    "type": "string"
                }
            ],
            "targets": [
                {
                    "bucketAggs": [],
                    "metrics": [
                        {
                            "field": "select field",
                            "id": "1",
                            "meta": {},
                            "settings": {
                                "size": 500
                            },
                            "type": "raw_document"
                        }
                    ],
                    "query": "_id:$id",
                    "refId": "A",
                    "timeField": "@timestamp"
                }
            ],
            "timeFrom": null,
            "timeShift": null,
            "title": "Stack",
            "transform": "json",
            "transparent": true,
            "type": "table"
        }
    ],
    "refresh": false,
    "schemaVersion": 22,
    "style": "dark",
    "tags": [
        "Detail"
    ],
    "templating": {
        "list": [
            {
                "current": {
                    "text": "default",
                    "value": "default"
                },
                "hide": 2,
                "includeAll": false,
                "label": null,
                "multi": false,
                "name": "Datasource",
                "options": [],
                "query": "elasticsearch",
                "refresh": 1,
                "regex": "default",
                "skipUrlSync": false,
                "type": "datasource"
            },
            {
                "current": {
                    "text": "",
                    "value": ""
                },
                "hide": 0,
                "label": "ID",
                "name": "id",
                "options": [
                    {
                        "text": "",
                        "value": ""
                    }
                ],
                "query": "",
                "skipUrlSync": false,
                "type": "textbox"
            },
            {
                "datasource": null,
                "filters": [],
                "hide": 0,
                "label": "",
                "name": "Filters",
                "skipUrlSync": false,
                "type": "adhoc"
            }
        ]
    },
    "time": {
        "from": "now-12h",
        "to": "now"
    },
    "timepicker": {
        "refresh_intervals": [
            "5s",
            "10s",
            "30s",
            "1m",
            "5m",
            "15m",
            "30m",
            "1h",
            "2h",
            "1d"
        ],
        "time_options": [
            "5m",
            "15m",
            "1h",
            "6h",
            "12h",
            "24h",
            "2d",
            "7d",
            "30d"
        ]
    },
    "timezone": "",
    "title": "Detail Dashboard. Detailed Error Information",
    "uid": "l-_bFaDWz",
    "version": null
}
