{
    "annotations": {
        "list": [
            {
                "builtIn": 1,
                "datasource": "-- Grafana --",
                "enable": true,
                "hide": true,
                "iconColor": "rgba(0, 211, 255, 1)",
                "name": "Annotations & Alerts",
                "type": "dashboard"
            },
            {
                "datasource": "$Datasource",
                "enable": true,
                "hide": false,
                "iconColor": "rgba(255, 96, 96, 1)",
                "name": "Deploy",
                "query": "serviceName: \"SungeroServer\" AND message: \"*ms (Deploy, started*\"",
                "showIn": 0,
                "textField": "Deploy",
                "timeField": "@timestamp"
            }
        ]
    },
    "editable": true,
    "gnetId": null,
    "graphTooltip": 0,
    "id": null,
    "iteration": 1600333909722,
    "links": [
        {
            "asDropdown": true,
            "icon": "external link",
            "includeVars": false,
            "keepTime": true,
            "tags": [
                "DirectumRX"
            ],
            "targetBlank": false,
            "title": "DirectumRX",
            "type": "dashboards"
        },
        {
            "asDropdown": true,
            "icon": "external link",
            "includeVars": false,
            "keepTime": true,
            "tags": [
                "Hardware"
            ],
            "targetBlank": false,
            "title": "Hardware",
            "type": "dashboards"
        },
        {
            "asDropdown": true,
            "icon": "external link",
            "includeVars": false,
            "keepTime": true,
            "tags": [
                "Statistic"
            ],
            "targetBlank": false,
            "title": "Statistic",
            "type": "dashboards"
        }
    ],
    "panels": [
        {
            "columns": [],
            "datasource": null,
            "fieldConfig": {
                "defaults": {
                    "custom": {}
                },
                "overrides": []
            },
            "fontSize": "100%",
            "gridPos": {
                "h": 14,
                "w": 6,
                "x": 0,
                "y": 0
            },
            "id": 43,
            "links": [
                {
                    "targetBlank": false,
                    "title": "Learn more",
                    "url": "/d/lSpj4kSWz/summary-information-about-service-errors?$__url_time_range&var-server=${server}&$__all_variables"
                }
            ],
            "pageSize": 10,
            "showHeader": true,
            "sort": {
                "col": 0,
                "desc": true
            },
            "styles": [
                {
                    "$$hashKey": "object:250",
                    "alias": "",
                    "align": "auto",
                    "colorMode": "value",
                    "colors": [
                        "rgba(50, 172, 45, 0.97)",
                        "rgba(237, 129, 40, 0.89)",
                        "rgba(245, 54, 54, 0.9)"
                    ],
                    "dateFormat": "YYYY-MM-DD HH:mm:ss",
                    "decimals": 0,
                    "link": false,
                    "linkTargetBlank": false,
                    "linkTooltip": "Learn more",
                    "linkUrl": "/d/lSpj4kSWz/summary-information-about-service-errors?$__url_time_range&$__all_variables",
                    "mappingType": 1,
                    "pattern": "Count",
                    "thresholds": [
                        "100",
                        " 500"
                    ],
                    "type": "number",
                    "unit": "none"
                },
                {
                    "$$hashKey": "object:251",
                    "alias": "Service",
                    "align": "auto",
                    "colorMode": null,
                    "colors": [
                        "rgba(245, 54, 54, 0.9)",
                        "rgba(237, 129, 40, 0.89)",
                        "rgba(50, 172, 45, 0.97)"
                    ],
                    "dateFormat": "YYYY-MM-DD HH:mm:ss",
                    "decimals": 2,
                    "link": true,
                    "linkTargetBlank": true,
                    "linkTooltip": "Learn more",
                    "linkUrl": "/d/lSpj4kSWz/summary-information-about-service-errors?orgId=1&var-serviceName=${__cell_0}&from=$__from&to=$__to&var-exception=critical&var-exception=unknown&var-server=$server",
                    "mappingType": 1,
                    "pattern": "serviceName",
                    "sanitize": true,
                    "thresholds": [],
                    "type": "string",
                    "unit": "short"
                }
            ],
            "targets": [
                {
                    "bucketAggs": [
                        {
                            "$$hashKey": "object:62",
                            "fake": true,
                            "field": "serviceName",
                            "id": "3",
                            "settings": {
                                "min_doc_count": 1,
                                "order": "desc",
                                "orderBy": "_term",
                                "size": "0"
                            },
                            "type": "terms"
                        }
                    ],
                    "metrics": [
                        {
                            "$$hashKey": "object:60",
                            "field": "select field",
                            "id": "1",
                            "type": "count"
                        }
                    ],
                    "query": "logLevel: Error AND fields.rx_server: $server AND exceptionType: $exception",
                    "refId": "A",
                    "timeField": "@timestamp"
                }
            ],
            "timeFrom": null,
            "timeShift": null,
            "title": "Services errors",
            "transform": "table",
            "type": "table-old"
        },
        {
            "aliasColors": {},
            "bars": false,
            "cacheTimeout": null,
            "dashLength": 10,
            "dashes": false,
            "datasource": "$TelegrafDS",
            "decimals": 0,
            "fieldConfig": {
                "defaults": {
                    "custom": {}
                },
                "overrides": []
            },
            "fill": 0,
            "fillGradient": 0,
            "gridPos": {
                "h": 7,
                "w": 14,
                "x": 6,
                "y": 0
            },
            "hiddenSeries": false,
            "id": 12,
            "interval": "30m",
            "legend": {
                "alignAsTable": true,
                "avg": true,
                "current": false,
                "max": true,
                "min": false,
                "rightSide": true,
                "show": true,
                "sideWidth": 250,
                "sort": "current",
                "sortDesc": true,
                "total": false,
                "values": true
            },
            "lines": true,
            "linewidth": 2,
            "links": [
                {
                    "targetBlank": false,
                    "title": "Learn more Windows",
                    "url": "/d/Dj6lnvVWz/windows-server-state?$__url_time_range&$__all_variables"
                },
                {
                    "targetBlank": false,
                    "title": "Learn more Linux",
                    "url": "/d/7wb7dAqmm/linux-server-state?$__url_time_range&$__all_variables"
                }
            ],
            "nullPointMode": "connected",
            "percentage": false,
            "pluginVersion": "7.1.5",
            "pointradius": 2,
            "points": false,
            "renderer": "flot",
            "seriesOverrides": [],
            "spaceLength": 10,
            "stack": false,
            "steppedLine": false,
            "targets": [
                {
                    "alias": "",
                    "bucketAggs": [
                        {
                            "fake": true,
                            "field": "tag.host",
                            "id": "3",
                            "settings": {
                                "min_doc_count": 1,
                                "order": "desc",
                                "orderBy": "_term",
                                "size": "0"
                            },
                            "type": "terms"
                        },
                        {
                            "field": "@timestamp",
                            "id": "2",
                            "settings": {
                                "interval": "auto",
                                "min_doc_count": 0,
                                "trimEdges": 0
                            },
                            "type": "date_histogram"
                        }
                    ],
                    "hide": false,
                    "metrics": [
                        {
                            "field": "win_cpu.Percent_Idle_Time",
                            "id": "1",
                            "inlineScript": "100-_value",
                            "meta": {},
                            "settings": {
                                "script": {
                                    "inline": "100-_value"
                                }
                            },
                            "type": "avg"
                        }
                    ],
                    "query": "measurement_name: \"win_cpu\"  AND tag.host: $HostName AND tag.instance: \"_Total\"",
                    "refId": "A",
                    "timeField": "@timestamp"
                },
                {
                    "alias": "",
                    "bucketAggs": [
                        {
                            "fake": true,
                            "field": "tag.host",
                            "id": "3",
                            "settings": {
                                "min_doc_count": 1,
                                "order": "desc",
                                "orderBy": "_term",
                                "size": "0"
                            },
                            "type": "terms"
                        },
                        {
                            "field": "@timestamp",
                            "id": "2",
                            "settings": {
                                "interval": "auto",
                                "min_doc_count": 0,
                                "trimEdges": 0
                            },
                            "type": "date_histogram"
                        }
                    ],
                    "hide": false,
                    "metrics": [
                        {
                            "field": "cpu.usage_idle",
                            "id": "1",
                            "inlineScript": "100-_value",
                            "meta": {},
                            "settings": {
                                "script": {
                                    "inline": "100-_value"
                                }
                            },
                            "type": "max"
                        }
                    ],
                    "query": "tag.host: $HostName AND measurement_name : \"cpu\" AND tag.cpu : \"cpu-total\"",
                    "refId": "B",
                    "timeField": "@timestamp"
                }
            ],
            "thresholds": [],
            "timeFrom": null,
            "timeRegions": [],
            "timeShift": null,
            "title": "CPU load",
            "tooltip": {
                "shared": false,
                "sort": 0,
                "value_type": "cumulative"
            },
            "type": "graph",
            "xaxis": {
                "buckets": null,
                "mode": "time",
                "name": null,
                "show": true,
                "values": []
            },
            "yaxes": [
                {
                    "decimals": 0,
                    "format": "percent",
                    "label": null,
                    "logBase": 1,
                    "max": "100",
                    "min": "0",
                    "show": true
                },
                {
                    "format": "short",
                    "label": null,
                    "logBase": 1,
                    "max": null,
                    "min": null,
                    "show": false
                }
            ],
            "yaxis": {
                "align": false,
                "alignLevel": null
            }
        },
        {
            "dashboardFilter": "",
            "dashboardTags": [
                "Alerts"
            ],
            "datasource": null,
            "fieldConfig": {
                "defaults": {
                    "custom": {}
                },
                "overrides": []
            },
            "folderId": null,
            "gridPos": {
                "h": 14,
                "w": 4,
                "x": 20,
                "y": 0
            },
            "id": 31,
            "limit": 10,
            "nameFilter": "",
            "onlyAlertsOnDashboard": false,
            "show": "current",
            "sortOrder": 3,
            "stateFilter": [
                "ok",
                "alerting"
            ],
            "targets": [
                {
                    "bucketAggs": [
                        {
                            "field": "@timestamp",
                            "id": "2",
                            "settings": {
                                "interval": "auto",
                                "min_doc_count": 0,
                                "trimEdges": 0
                            },
                            "type": "date_histogram"
                        }
                    ],
                    "metrics": [
                        {
                            "field": "select field",
                            "id": "1",
                            "type": "count"
                        }
                    ],
                    "query": "fields.rx_server: \"$server\" AND tag.host: $serverHW AND serviceName: $Client",
                    "refId": "A",
                    "timeField": "@timestamp"
                }
            ],
            "timeFrom": null,
            "timeShift": null,
            "title": "Alerts",
            "type": "alertlist"
        },
        {
            "aliasColors": {},
            "bars": false,
            "cacheTimeout": null,
            "dashLength": 10,
            "dashes": false,
            "datasource": "$TelegrafDS",
            "decimals": 0,
            "fieldConfig": {
                "defaults": {
                    "custom": {}
                },
                "overrides": []
            },
            "fill": 0,
            "fillGradient": 7,
            "gridPos": {
                "h": 7,
                "w": 14,
                "x": 6,
                "y": 7
            },
            "hiddenSeries": false,
            "id": 13,
            "interval": "30m",
            "legend": {
                "alignAsTable": true,
                "avg": false,
                "current": true,
                "max": true,
                "min": false,
                "rightSide": true,
                "show": true,
                "sideWidth": 250,
                "sort": "current",
                "sortDesc": true,
                "total": false,
                "values": true
            },
            "lines": true,
            "linewidth": 2,
            "links": [
                {
                    "targetBlank": false,
                    "title": "Learn more Windows",
                    "url": "/d/Dj6lnvVWz/windows-server-state?$__url_time_range&$__all_variables"
                },
                {
                    "targetBlank": false,
                    "title": "Learn more Linux",
                    "url": "/d/7wb7dAqmm/linux-server-state?$__url_time_range&$__all_variables"
                }
            ],
            "nullPointMode": "connected",
            "percentage": false,
            "pluginVersion": "7.1.5",
            "pointradius": 2,
            "points": false,
            "renderer": "flot",
            "seriesOverrides": [],
            "spaceLength": 10,
            "stack": false,
            "steppedLine": false,
            "targets": [
                {
                    "alias": "",
                    "bucketAggs": [
                        {
                            "fake": true,
                            "field": "tag.host",
                            "id": "5",
                            "settings": {
                                "min_doc_count": 1,
                                "order": "desc",
                                "orderBy": "_term",
                                "size": "0"
                            },
                            "type": "terms"
                        },
                        {
                            "field": "@timestamp",
                            "id": "2",
                            "settings": {
                                "interval": "auto",
                                "min_doc_count": 0,
                                "trimEdges": 0
                            },
                            "type": "date_histogram"
                        }
                    ],
                    "metrics": [
                        {
                            "field": "mem.used_percent",
                            "id": "4",
                            "meta": {},
                            "settings": {},
                            "type": "avg"
                        }
                    ],
                    "query": "measurement_name: \"mem\" AND $HostName",
                    "refId": "A",
                    "timeField": "@timestamp"
                }
            ],
            "thresholds": [],
            "timeFrom": null,
            "timeRegions": [],
            "timeShift": null,
            "title": "RAM in use",
            "tooltip": {
                "shared": true,
                "sort": 0,
                "value_type": "individual"
            },
            "type": "graph",
            "xaxis": {
                "buckets": null,
                "mode": "time",
                "name": null,
                "show": true,
                "values": []
            },
            "yaxes": [
                {
                    "decimals": 0,
                    "format": "percent",
                    "label": null,
                    "logBase": 1,
                    "max": "100",
                    "min": "0",
                    "show": true
                },
                {
                    "format": "short",
                    "label": null,
                    "logBase": 1,
                    "max": null,
                    "min": null,
                    "show": false
                }
            ],
            "yaxis": {
                "align": false,
                "alignLevel": null
            }
        },
        {
            "aliasColors": {
                "Average navigation time": "rgba(255, 255, 255, 0.5)",
                "Average time of all navigations": "dark-purple",
                "Desktop. Average navigation time": "rgba(255, 255, 255, 0.5)",
                "SungeroClient. Average navigation time": "rgba(255, 255, 255, 0.5)",
                "Web. Average navigation time": "rgba(255, 255, 255, 0.5)",
                "WebClient. Average navigation time": "rgba(143, 59, 184, 0.89)"
            },
            "bars": false,
            "dashLength": 10,
            "dashes": false,
            "datasource": null,
            "decimals": 1,
            "description": "",
            "fieldConfig": {
                "defaults": {
                    "custom": {}
                },
                "overrides": []
            },
            "fill": 0,
            "fillGradient": 0,
            "gridPos": {
                "h": 7,
                "w": 12,
                "x": 0,
                "y": 14
            },
            "hiddenSeries": false,
            "id": 45,
            "interval": "1d",
            "legend": {
                "alignAsTable": true,
                "avg": true,
                "current": false,
                "hideEmpty": true,
                "max": false,
                "min": false,
                "rightSide": true,
                "show": true,
                "sideWidth": 400,
                "sort": "avg",
                "sortDesc": true,
                "total": false,
                "values": true
            },
            "lines": true,
            "linewidth": 1,
            "links": [
                {
                    "targetBlank": false,
                    "title": "Web client",
                    "url": "/d/LZLAm8_Wz/web-client-main-operation-execution-time?$__url_time_range&$__all_variables&var-operation=Navigate%20to"
                }
            ],
            "nullPointMode": "connected",
            "percentage": false,
            "pluginVersion": "7.1.5",
            "pointradius": 2,
            "points": false,
            "renderer": "flot",
            "seriesOverrides": [],
            "spaceLength": 10,
            "stack": false,
            "steppedLine": false,
            "targets": [
                {
                    "alias": "Web Client. Average special folder navigation time",
                    "bucketAggs": [
                        {
                            "field": "@timestamp",
                            "id": "2",
                            "settings": {
                                "interval": "auto",
                                "min_doc_count": 0,
                                "trimEdges": 0
                            },
                            "type": "date_histogram"
                        }
                    ],
                    "metrics": [
                        {
                            "field": "duration",
                            "id": "1",
                            "meta": {},
                            "settings": {},
                            "type": "avg"
                        }
                    ],
                    "query": "logLevel: \"Info\" AND operation: \"Navigate to\" AND navigate.type: \"folder\" AND serviceName: WebClient",
                    "refId": "B",
                    "timeField": "@timestamp"
                },
                {
                    "alias": "Web Client. Average card saving time",
                    "bucketAggs": [
                        {
                            "field": "@timestamp",
                            "id": "2",
                            "settings": {
                                "interval": "auto",
                                "min_doc_count": 0,
                                "trimEdges": 0
                            },
                            "type": "date_histogram"
                        }
                    ],
                    "metrics": [
                        {
                            "field": "duration",
                            "id": "1",
                            "meta": {},
                            "settings": {},
                            "type": "avg"
                        }
                    ],
                    "query": "logLevel: \"Info\" AND operation: \"Execute action\" AND action.type: \"card\" AND actionName: Save AND serviceName: WebClient",
                    "refId": "A",
                    "timeField": "@timestamp"
                },
                {
                    "alias": "Web Client. Average card opening time",
                    "bucketAggs": [
                        {
                            "field": "@timestamp",
                            "id": "2",
                            "settings": {
                                "interval": "auto",
                                "min_doc_count": 0,
                                "trimEdges": 0
                            },
                            "type": "date_histogram"
                        }
                    ],
                    "metrics": [
                        {
                            "field": "duration",
                            "id": "1",
                            "meta": {},
                            "settings": {},
                            "type": "avg"
                        }
                    ],
                    "query": "logLevel: \"Info\" AND serviceName: \"WebClient\" AND operation: \"Navigate to\" AND navigate.type: \"card\" AND serviceName: WebClient",
                    "refId": "E",
                    "timeField": "@timestamp"
                }
            ],
            "thresholds": [],
            "timeFrom": "1w",
            "timeRegions": [],
            "timeShift": null,
            "title": "Web Client. Operations",
            "tooltip": {
                "shared": true,
                "sort": 0,
                "value_type": "individual"
            },
            "type": "graph",
            "xaxis": {
                "buckets": null,
                "mode": "time",
                "name": null,
                "show": true,
                "values": []
            },
            "yaxes": [
                {
                    "decimals": 0,
                    "format": "ms",
                    "label": null,
                    "logBase": 1,
                    "max": null,
                    "min": "0",
                    "show": true
                },
                {
                    "format": "short",
                    "label": null,
                    "logBase": 1,
                    "max": null,
                    "min": null,
                    "show": false
                }
            ],
            "yaxis": {
                "align": false,
                "alignLevel": null
            }
        },
        {
            "aliasColors": {
                "Average saving time": "rgba(255, 255, 255, 0.5)",
                "Desktop. Average saving time": "rgba(255, 255, 255, 0.5)",
                "SungeroClient. Average navigation time": "dark-purple",
                "SungeroClient. Average saving time": "rgba(255, 255, 255, 0.5)",
                "Web. Average saving time": "rgba(255, 255, 255, 0.5)",
                "WebClient. Average saving time": "rgba(255, 255, 255, 0.5)"
            },
            "bars": false,
            "dashLength": 10,
            "dashes": false,
            "datasource": null,
            "decimals": 1,
            "description": "",
            "fieldConfig": {
                "defaults": {
                    "custom": {}
                },
                "overrides": []
            },
            "fill": 0,
            "fillGradient": 0,
            "gridPos": {
                "h": 7,
                "w": 12,
                "x": 12,
                "y": 14
            },
            "hiddenSeries": false,
            "id": 38,
            "interval": "1d",
            "legend": {
                "alignAsTable": true,
                "avg": true,
                "current": false,
                "hideEmpty": true,
                "max": false,
                "min": false,
                "rightSide": true,
                "show": true,
                "sideWidth": 400,
                "sort": "avg",
                "sortDesc": true,
                "total": false,
                "values": true
            },
            "lines": true,
            "linewidth": 1,
            "links": [
                {
                    "targetBlank": false,
                    "title": "Desktop client",
                    "url": "/d/65XHW8lWk/desktop-client-main-operation-execution-time?$__url_time_range&$__all_variables&var-operation=save%20card"
                }
            ],
            "nullPointMode": "connected",
            "percentage": false,
            "pluginVersion": "7.1.5",
            "pointradius": 2,
            "points": false,
            "renderer": "flot",
            "seriesOverrides": [],
            "spaceLength": 10,
            "stack": false,
            "steppedLine": false,
            "targets": [
                {
                    "alias": "Desktop Client. Average saving time",
                    "bucketAggs": [
                        {
                            "field": "@timestamp",
                            "id": "2",
                            "settings": {
                                "interval": "auto",
                                "min_doc_count": 0,
                                "trimEdges": 0
                            },
                            "type": "date_histogram"
                        }
                    ],
                    "metrics": [
                        {
                            "field": "duration",
                            "id": "1",
                            "meta": {},
                            "settings": {},
                            "type": "avg"
                        }
                    ],
                    "query": "logLevel: \"Info\" AND operation: \"save card\" AND serviceName: SungeroClient",
                    "refId": "D",
                    "timeField": "@timestamp"
                },
                {
                    "alias": "Desktop Client. Average special folder navigation time",
                    "bucketAggs": [
                        {
                            "field": "@timestamp",
                            "id": "2",
                            "settings": {
                                "interval": "auto",
                                "min_doc_count": 0,
                                "trimEdges": 0
                            },
                            "type": "date_histogram"
                        }
                    ],
                    "metrics": [
                        {
                            "field": "duration",
                            "id": "1",
                            "meta": {},
                            "settings": {},
                            "type": "avg"
                        }
                    ],
                    "query": "logLevel: \"Info\" AND operation: \"navigate to folder\" AND serviceName: SungeroClient",
                    "refId": "A",
                    "timeField": "@timestamp"
                },
                {
                    "alias": "Desktop Client. Average card opening time",
                    "bucketAggs": [
                        {
                            "field": "@timestamp",
                            "id": "2",
                            "settings": {
                                "interval": "auto",
                                "min_doc_count": 0,
                                "trimEdges": 0
                            },
                            "type": "date_histogram"
                        }
                    ],
                    "metrics": [
                        {
                            "field": "duration",
                            "id": "1",
                            "meta": {},
                            "settings": {},
                            "type": "avg"
                        }
                    ],
                    "query": "logLevel: \"Info\" AND operation: \"open card window\" AND serviceName: SungeroClient",
                    "refId": "E",
                    "timeField": "@timestamp"
                }
            ],
            "thresholds": [],
            "timeFrom": "1w",
            "timeRegions": [],
            "timeShift": null,
            "title": "Desktop Client. Operations",
            "tooltip": {
                "shared": true,
                "sort": 0,
                "value_type": "individual"
            },
            "type": "graph",
            "xaxis": {
                "buckets": null,
                "mode": "time",
                "name": null,
                "show": true,
                "values": []
            },
            "yaxes": [
                {
                    "decimals": 0,
                    "format": "ms",
                    "label": null,
                    "logBase": 1,
                    "max": null,
                    "min": "0",
                    "show": true
                },
                {
                    "format": "short",
                    "label": null,
                    "logBase": 1,
                    "max": null,
                    "min": null,
                    "show": false
                }
            ],
            "yaxis": {
                "align": false,
                "alignLevel": null
            }
        }
    ],
    "refresh": "30m",
    "schemaVersion": 26,
    "style": "dark",
    "tags": [
        "DirectumRX"
    ],
    "templating": {
        "list": [
            {
                "allValue": null,
                "current": {
                    "selected": false,
                    "text": [
                        "All"
                    ],
                    "value": [
                        "$__all"
                    ]
                },
                "datasource": "$TelegrafDS",
                "definition": "{\"find\":\"terms\",\"field\":\"tag.host\"}",
                "hide": 0,
                "includeAll": true,
                "label": "Host",
                "multi": true,
                "name": "HostName",
                "options": [],
                "query": "{\"find\":\"terms\",\"field\":\"tag.host\"}",
                "refresh": 2,
                "regex": "",
                "skipUrlSync": false,
                "sort": 0,
                "tagValuesQuery": "",
                "tags": [],
                "tagsQuery": "",
                "type": "query",
                "useTags": false
            },
            {
                "current": {
                    "selected": false,
                    "text": "default",
                    "value": "default"
                },
                "hide": 2,
                "includeAll": false,
                "label": null,
                "multi": false,
                "name": "Datasource",
                "options": [],
                "query": "elasticsearch",
                "refresh": 1,
                "regex": "default",
                "skipUrlSync": false,
                "type": "datasource"
            },
            {
                "current": {
                    "selected": false,
                    "text": "telegraf-metrics",
                    "value": "telegraf-metrics"
                },
                "hide": 2,
                "includeAll": false,
                "label": "",
                "multi": false,
                "name": "TelegrafDS",
                "options": [],
                "query": "elasticsearch",
                "refresh": 1,
                "regex": "/telegraf*/",
                "skipUrlSync": false,
                "type": "datasource"
            },
            {
                "allValue": null,
                "current": {
                    "selected": true,
                    "text": "localhost",
                    "value": "localhost"
                },
                "datasource": "$Datasource",
                "definition": "{\"find\":\"terms\",\"field\":\"fields.rx_server\"}",
                "hide": 0,
                "includeAll": false,
                "label": "System name",
                "multi": false,
                "name": "server",
                "options": [],
                "query": "{\"find\":\"terms\",\"field\":\"fields.rx_server\"}",
                "refresh": 2,
                "regex": "",
                "skipUrlSync": false,
                "sort": 0,
                "tagValuesQuery": "",
                "tags": [],
                "tagsQuery": "",
                "type": "query",
                "useTags": false
            },
            {
                "allValue": null,
                "current": {
                    "selected": false,
                    "text": [
                        "critical",
                        "unknown"
                    ],
                    "value": [
                        "critical",
                        "unknown"
                    ]
                },
                "datasource": "$Datasource",
                "definition": "{\"find\":\"terms\",\"field\":\"exceptionType\"}",
                "hide": 0,
                "includeAll": true,
                "label": "Severity level",
                "multi": true,
                "name": "exception",
                "options": [],
                "query": "{\"find\":\"terms\",\"field\":\"exceptionType\"}",
                "refresh": 2,
                "regex": "critical|unknown",
                "skipUrlSync": false,
                "sort": 0,
                "tagValuesQuery": "",
                "tags": [],
                "tagsQuery": "",
                "type": "query",
                "useTags": false
            }
        ]
    },
    "time": {
        "from": "now-24h",
        "to": "now"
    },
    "timepicker": {
        "refresh_intervals": [
            "5s",
            "10s",
            "30s",
            "1m",
            "5m",
            "15m",
            "30m",
            "1h",
            "2h",
            "1d"
        ]
    },
    "timezone": "",
    "title": "Homepage",
    "uid": "zO5IvMyZk",
    "version": null
}
