{
    "annotations": {
        "list": [
            {
                "builtIn": 1,
                "datasource": "-- Grafana --",
                "enable": true,
                "hide": true,
                "iconColor": "rgba(0, 211, 255, 1)",
                "limit": 100,
                "name": "Annotations & Alerts",
                "showIn": 0,
                "type": "dashboard"
            },
            {
                "datasource": "$Datasource",
                "enable": true,
                "hide": false,
                "iconColor": "rgba(255, 96, 96, 1)",
                "name": "Deploy",
                "query": "serviceName: \"SungeroServer\" AND message: \"*ms (Deploy, started*\"",
                "showIn": 0,
                "textField": "Deploy",
                "timeField": "@timestamp"
            }
        ]
    },
    "editable": true,
    "gnetId": null,
    "graphTooltip": 0,
    "id": null,
    "iteration": 1592897458723,
    "links": [
        {
            "asDropdown": true,
            "icon": "external link",
            "includeVars": false,
            "keepTime": true,
            "tags": [
                "DirectumRX"
            ],
            "targetBlank": false,
            "title": "DirectumRX",
            "type": "dashboards"
        },
        {
            "asDropdown": true,
            "icon": "external link",
            "keepTime": true,
            "tags": [
                "Hardware"
            ],
            "targetBlank": false,
            "title": "Hardware",
            "type": "dashboards"
        },
        {
            "asDropdown": true,
            "icon": "external link",
            "keepTime": true,
            "tags": [
                "Statistic"
            ],
            "targetBlank": false,
            "title": "Statistic",
            "type": "dashboards"
        }
    ],
    "panels": [
        {
            "columns": [],
            "datasource": null,
            "fontSize": "100%",
            "gridPos": {
                "h": 12,
                "w": 9,
                "x": 0,
                "y": 0
            },
            "id": 6,
            "links": [],
            "options": {},
            "pageSize": 8,
            "scroll": true,
            "showHeader": true,
            "sort": {
                "col": 1,
                "desc": true
            },
            "styles": [
                {
                    "alias": "Time",
                    "align": "auto",
                    "dateFormat": "YYYY-MM-DD HH:mm:ss",
                    "pattern": "Time",
                    "type": "date"
                },
                {
                    "alias": "Error message template",
                    "align": "",
                    "colorMode": null,
                    "colors": [
                        "rgba(50, 172, 45, 0.97)",
                        "rgba(237, 129, 40, 0.89)",
                        "rgba(245, 54, 54, 0.9)"
                    ],
                    "dateFormat": "YYYY-MM-DD HH:mm:ss",
                    "decimals": 0,
                    "link": false,
                    "linkUrl": "/d/l-_bFaDWz/kamyshev-detal-nye-oshibki?orgId=1&var-serviceName=$serviceName&var-server=$server&var-exception=$exception&var-Datasource=$Datasource&var-genericMessage=${__cell}",
                    "mappingType": 1,
                    "pattern": "genericMessage",
                    "preserveFormat": false,
                    "sanitize": true,
                    "thresholds": [],
                    "type": "string",
                    "unit": "none",
                    "valueMaps": [
                        {
                            "text": "Empty",
                            "value": ""
                        }
                    ]
                },
                {
                    "alias": "",
                    "align": "center",
                    "colorMode": "value",
                    "colors": [
                        "rgba(50, 172, 45, 0.97)",
                        "rgba(237, 129, 40, 0.89)",
                        "rgba(245, 54, 54, 0.9)"
                    ],
                    "decimals": 0,
                    "link": false,
                    "pattern": "/.*/",
                    "thresholds": [
                        "50",
                        " 500"
                    ],
                    "type": "number",
                    "unit": "none"
                }
            ],
            "targets": [
                {
                    "bucketAggs": [
                        {
                            "fake": true,
                            "field": "genericMessage",
                            "id": "3",
                            "settings": {
                                "min_doc_count": 1,
                                "missing": "Empty",
                                "order": "desc",
                                "orderBy": "_count",
                                "size": "0"
                            },
                            "type": "terms"
                        }
                    ],
                    "metrics": [
                        {
                            "field": "select field",
                            "id": "1",
                            "type": "count"
                        }
                    ],
                    "query": "logLevel: Error AND serviceName: $serviceName AND  fields.rx_server: $server AND exceptionType: $exception",
                    "refId": "A",
                    "timeField": "@timestamp"
                }
            ],
            "timeFrom": null,
            "timeShift": null,
            "title": "Errors",
            "transform": "table",
            "transparent": true,
            "type": "table"
        },
        {
            "aliasColors": {},
            "bars": false,
            "dashLength": 10,
            "dashes": false,
            "datasource": null,
            "decimals": 0,
            "fill": 1,
            "fillGradient": 7,
            "gridPos": {
                "h": 12,
                "w": 10,
                "x": 9,
                "y": 0
            },
            "hiddenSeries": false,
            "hideTimeOverride": false,
            "id": 8,
            "interval": "30m",
            "legend": {
                "alignAsTable": true,
                "avg": false,
                "current": false,
                "hideEmpty": false,
                "hideZero": false,
                "max": false,
                "min": false,
                "rightSide": false,
                "show": false,
                "sideWidth": 500,
                "total": true,
                "values": true
            },
            "lines": true,
            "linewidth": 1,
            "links": [],
            "nullPointMode": "connected",
            "options": {
                "dataLinks": []
            },
            "paceLength": 10,
            "percentage": false,
            "pointradius": 0.5,
            "points": false,
            "renderer": "flot",
            "seriesOverrides": [],
            "spaceLength": 10,
            "stack": false,
            "steppedLine": false,
            "targets": [
                {
                    "bucketAggs": [
                        {
                            "fake": true,
                            "field": "genericMessage",
                            "id": "3",
                            "settings": {
                                "min_doc_count": 1,
                                "missing": "Empty",
                                "order": "desc",
                                "orderBy": "_count",
                                "size": "20"
                            },
                            "type": "terms"
                        },
                        {
                            "field": "@timestamp",
                            "id": "2",
                            "settings": {
                                "interval": "auto",
                                "min_doc_count": 0,
                                "trimEdges": 0
                            },
                            "type": "date_histogram"
                        }
                    ],
                    "metrics": [
                        {
                            "field": "select field",
                            "id": "1",
                            "type": "count"
                        }
                    ],
                    "query": "logLevel: Error AND serviceName: $serviceName  AND  fields.rx_server: $server AND exceptionType: $exception",
                    "refId": "A",
                    "timeField": "@timestamp"
                }
            ],
            "thresholds": [],
            "timeFrom": null,
            "timeRegions": [],
            "timeShift": null,
            "title": "Error graph (Top 20)",
            "tooltip": {
                "shared": true,
                "sort": 0,
                "value_type": "individual"
            },
            "transparent": true,
            "type": "graph",
            "xaxis": {
                "buckets": null,
                "mode": "time",
                "name": null,
                "show": true,
                "values": []
            },
            "yaxes": [
                {
                    "decimals": 0,
                    "format": "none",
                    "label": "",
                    "logBase": 1,
                    "max": null,
                    "min": "1",
                    "show": true
                },
                {
                    "decimals": null,
                    "format": "short",
                    "label": "",
                    "logBase": 1,
                    "max": null,
                    "min": null,
                    "show": false
                }
            ],
            "yaxis": {
                "align": false,
                "alignLevel": null
            }
        },
        {
            "cacheTimeout": null,
            "columns": [],
            "datasource": null,
            "fontSize": "100%",
            "gridPos": {
                "h": 12,
                "w": 5,
                "x": 19,
                "y": 0
            },
            "id": 18,
            "links": [],
            "options": {},
            "pageSize": 8,
            "scroll": true,
            "showHeader": true,
            "sort": {
                "col": 1,
                "desc": true
            },
            "styles": [
                {
                    "alias": "User",
                    "align": "auto",
                    "colorMode": null,
                    "colors": [
                        "rgba(245, 54, 54, 0.9)",
                        "rgba(237, 129, 40, 0.89)",
                        "rgba(50, 172, 45, 0.97)"
                    ],
                    "dateFormat": "YYYY-MM-DD HH:mm:ss",
                    "decimals": 2,
                    "mappingType": 1,
                    "pattern": "user",
                    "sanitize": true,
                    "thresholds": [
                        ""
                    ],
                    "type": "string",
                    "unit": "short",
                    "valueMaps": [
                        {
                            "text": "Empty",
                            "value": ""
                        }
                    ]
                },
                {
                    "alias": "",
                    "align": "center",
                    "colorMode": "value",
                    "colors": [
                        "rgba(50, 172, 45, 0.97)",
                        "rgba(237, 129, 40, 0.89)",
                        "rgba(245, 54, 54, 0.9)"
                    ],
                    "dateFormat": "YYYY-MM-DD HH:mm:ss",
                    "decimals": 0,
                    "mappingType": 1,
                    "pattern": "Count",
                    "thresholds": [
                        "30",
                        " 200"
                    ],
                    "type": "number",
                    "unit": "none"
                }
            ],
            "targets": [
                {
                    "bucketAggs": [
                        {
                            "fake": true,
                            "field": "user",
                            "id": "3",
                            "settings": {
                                "min_doc_count": 1,
                                "missing": "Empty",
                                "order": "desc",
                                "orderBy": "_count",
                                "size": "0"
                            },
                            "type": "terms"
                        }
                    ],
                    "metrics": [
                        {
                            "field": "select field",
                            "id": "1",
                            "type": "count"
                        }
                    ],
                    "query": "logLevel: Error AND serviceName: $serviceName AND fields.rx_server: $server AND exceptionType: $exception",
                    "refId": "A",
                    "timeField": "@timestamp"
                }
            ],
            "timeFrom": null,
            "timeShift": null,
            "title": "Users",
            "transform": "table",
            "transparent": true,
            "type": "table"
        },
        {
            "columns": [
                {
                    "text": "@timestamp",
                    "value": "@timestamp"
                },
                {
                    "text": "tenant",
                    "value": "tenant"
                },
                {
                    "text": "user",
                    "value": "user"
                },
                {
                    "text": "@version",
                    "value": "@version"
                },
                {
                    "text": "message",
                    "value": "message"
                },
                {
                    "text": "source",
                    "value": "source"
                },
                {
                    "text": "exceptionType",
                    "value": "exceptionType"
                },
                {
                    "text": "_id",
                    "value": "_id"
                }
            ],
            "datasource": null,
            "fontSize": "100%",
            "gridPos": {
                "h": 15,
                "w": 24,
                "x": 0,
                "y": 12
            },
            "id": 4,
            "links": [],
            "options": {},
            "pageSize": 50,
            "scroll": true,
            "showHeader": true,
            "sort": {
                "col": 0,
                "desc": true
            },
            "styles": [
                {
                    "alias": "Log file",
                    "align": "auto",
                    "colorMode": null,
                    "dateFormat": "YYYY-MM-DD HH:mm:ss",
                    "link": false,
                    "linkTargetBlank": false,
                    "linkTooltip": "",
                    "linkUrl": "",
                    "pattern": "source",
                    "preserveFormat": false,
                    "sanitize": false,
                    "type": "string"
                },
                {
                    "alias": "Time",
                    "align": "auto",
                    "colorMode": null,
                    "colors": [
                        "rgba(245, 54, 54, 0.9)",
                        "rgba(237, 129, 40, 0.89)",
                        "rgba(50, 172, 45, 0.97)"
                    ],
                    "dateFormat": "YYYY-MM-DD HH:mm:ss.SSS",
                    "decimals": 2,
                    "mappingType": 1,
                    "pattern": "@timestamp",
                    "thresholds": [],
                    "type": "date",
                    "unit": "short"
                },
                {
                    "alias": "Severity level",
                    "align": "auto",
                    "colorMode": null,
                    "colors": [
                        "rgba(245, 54, 54, 0.9)",
                        "rgba(237, 129, 40, 0.89)",
                        "rgba(50, 172, 45, 0.97)"
                    ],
                    "decimals": 2,
                    "pattern": "exceptionType",
                    "thresholds": [],
                    "type": "hidden",
                    "unit": "short"
                },
                {
                    "alias": "Message",
                    "align": "auto",
                    "colorMode": null,
                    "colors": [
                        "rgba(245, 54, 54, 0.9)",
                        "rgba(237, 129, 40, 0.89)",
                        "rgba(50, 172, 45, 0.97)"
                    ],
                    "dateFormat": "YYYY-MM-DD HH:mm:ss",
                    "decimals": 2,
                    "link": true,
                    "linkTargetBlank": true,
                    "linkTooltip": "Learn more",
                    "linkUrl": "d/l-_bFaDWz/detal-naia-informatsiia-ob-oshibke?orgId=1&var-Datasource=$Datasource&var-id=${__cell_7}&from=$__from&to=$__to",
                    "mappingType": 1,
                    "pattern": "message",
                    "preserveFormat": false,
                    "thresholds": [],
                    "type": "string",
                    "unit": "short"
                },
                {
                    "alias": "",
                    "align": "auto",
                    "colorMode": null,
                    "colors": [
                        "rgba(245, 54, 54, 0.9)",
                        "rgba(237, 129, 40, 0.89)",
                        "rgba(50, 172, 45, 0.97)"
                    ],
                    "dateFormat": "YYYY-MM-DD HH:mm:ss",
                    "decimals": 2,
                    "mappingType": 1,
                    "pattern": "stackTrace",
                    "thresholds": [],
                    "type": "hidden",
                    "unit": "short"
                },
                {
                    "alias": "",
                    "align": "auto",
                    "colorMode": null,
                    "colors": [
                        "rgba(245, 54, 54, 0.9)",
                        "rgba(237, 129, 40, 0.89)",
                        "rgba(50, 172, 45, 0.97)"
                    ],
                    "dateFormat": "YYYY-MM-DD HH:mm:ss",
                    "decimals": 2,
                    "mappingType": 1,
                    "pattern": "_id",
                    "thresholds": [],
                    "type": "hidden",
                    "unit": "short"
                },
                {
                    "alias": "Tenant",
                    "align": "auto",
                    "colorMode": null,
                    "colors": [
                        "rgba(245, 54, 54, 0.9)",
                        "rgba(237, 129, 40, 0.89)",
                        "rgba(50, 172, 45, 0.97)"
                    ],
                    "dateFormat": "YYYY-MM-DD HH:mm:ss",
                    "decimals": 2,
                    "mappingType": 1,
                    "pattern": "tenant",
                    "thresholds": [],
                    "type": "string",
                    "unit": "short"
                },
                {
                    "alias": "User",
                    "align": "auto",
                    "colorMode": null,
                    "colors": [
                        "rgba(245, 54, 54, 0.9)",
                        "rgba(237, 129, 40, 0.89)",
                        "rgba(50, 172, 45, 0.97)"
                    ],
                    "dateFormat": "YYYY-MM-DD HH:mm:ss",
                    "decimals": 2,
                    "mappingType": 1,
                    "pattern": "user",
                    "thresholds": [],
                    "type": "string",
                    "unit": "short"
                },
                {
                    "alias": "Version",
                    "align": "auto",
                    "colorMode": null,
                    "colors": [
                        "rgba(245, 54, 54, 0.9)",
                        "rgba(237, 129, 40, 0.89)",
                        "rgba(50, 172, 45, 0.97)"
                    ],
                    "dateFormat": "YYYY-MM-DD HH:mm:ss",
                    "decimals": 2,
                    "mappingType": 1,
                    "pattern": "@version",
                    "thresholds": [],
                    "type": "number",
                    "unit": "short"
                }
            ],
            "targets": [
                {
                    "bucketAggs": [],
                    "metrics": [
                        {
                            "field": "select field",
                            "id": "1",
                            "meta": {},
                            "settings": {
                                "size": 500
                            },
                            "type": "raw_document"
                        }
                    ],
                    "query": "serviceName: $serviceName AND logLevel: \"Error\" AND fields.rx_server: $server AND exceptionType: $exception",
                    "refId": "A",
                    "timeField": "@timestamp"
                }
            ],
            "title": " Error list",
            "transform": "json",
            "type": "table"
        }
    ],
    "refresh": false,
    "schemaVersion": 22,
    "style": "dark",
    "tags": [
        "DirectumRX"
    ],
    "templating": {
        "list": [
            {
                "allValue": null,
                "current": {
                    "text": "All",
                    "value": [
                        "$__all"
                    ]
                },
                "datasource": "$Datasource",
                "definition": "{\"find\":\"terms\",\"field\":\"serviceName\"}",
                "hide": 0,
                "includeAll": true,
                "label": "Service name",
                "multi": true,
                "name": "serviceName",
                "options": [],
                "query": "{\"find\":\"terms\",\"field\":\"serviceName\"}",
                "refresh": 2,
                "regex": "",
                "skipUrlSync": false,
                "sort": 0,
                "tagValuesQuery": "",
                "tags": [],
                "tagsQuery": "",
                "type": "query",
                "useTags": false
            },
            {
                "allValue": null,
                "current": {
                    "text": "All",
                    "value": [
                        "$__all"
                    ]
                },
                "datasource": "$Datasource",
                "definition": "{\"find\":\"terms\",\"field\":\"fields.rx_server\"}",
                "hide": 0,
                "includeAll": true,
                "label": "System name",
                "multi": true,
                "name": "server",
                "options": [],
                "query": "{\"find\":\"terms\",\"field\":\"fields.rx_server\"}",
                "refresh": 2,
                "regex": "",
                "skipUrlSync": false,
                "sort": 0,
                "tagValuesQuery": "",
                "tags": [],
                "tagsQuery": "",
                "type": "query",
                "useTags": false
            },
            {
                "allValue": null,
                "current": {
                    "text": "All",
                    "value": [
                        "$__all"
                    ]
                },
                "datasource": "$Datasource",
                "definition": "{\"find\":\"terms\",\"field\":\"exceptionType\"}",
                "hide": 0,
                "includeAll": true,
                "label": "Severity level",
                "multi": true,
                "name": "exception",
                "options": [],
                "query": "{\"find\":\"terms\",\"field\":\"exceptionType\"}",
                "refresh": 2,
                "regex": "",
                "skipUrlSync": false,
                "sort": 0,
                "tagValuesQuery": "",
                "tags": [],
                "tagsQuery": "",
                "type": "query",
                "useTags": false
            },
            {
                "current": {
                    "selected": true,
                    "text": "default",
                    "value": "default"
                },
                "hide": 2,
                "includeAll": false,
                "label": null,
                "multi": false,
                "name": "Datasource",
                "options": [],
                "query": "elasticsearch",
                "refresh": 1,
                "regex": "default",
                "skipUrlSync": false,
                "type": "datasource"
            }
        ]
    },
    "time": {
        "from": "now-24h",
        "to": "now"
    },
    "timepicker": {
        "refresh_intervals": [
            "5s",
            "10s",
            "30s",
            "1m",
            "5m",
            "15m",
            "30m",
            "1h",
            "2h",
            "1d"
        ],
        "time_options": [
            "5m",
            "15m",
            "1h",
            "6h",
            "12h",
            "24h",
            "2d",
            "7d",
            "30d"
        ]
    },
    "timezone": "",
    "title": "Service Errors",
    "uid": "lSpj4kSWz",
    "version": null
}
