{
    "annotations": {
        "list": [
            {
                "builtIn": 1,
                "datasource": "-- Grafana --",
                "enable": true,
                "hide": true,
                "iconColor": "rgba(0, 211, 255, 1)",
                "name": "Annotations & Alerts",
                "type": "dashboard"
            }
        ]
    },
    "editable": true,
    "gnetId": null,
    "graphTooltip": 0,
    "id": null,
    "links": [
        {
            "asDropdown": true,
            "icon": "external link",
            "keepTime": true,
            "tags": [
                "DirectumRX"
            ],
            "targetBlank": true,
            "title": "DirectumRX",
            "type": "dashboards"
        },
        {
            "asDropdown": true,
            "icon": "external link",
            "keepTime": true,
            "tags": [
                "Hardware"
            ],
            "targetBlank": true,
            "title": "Hardware",
            "type": "dashboards"
        },
        {
            "asDropdown": true,
            "icon": "external link",
            "keepTime": true,
            "tags": [
                "Statistic"
            ],
            "targetBlank": true,
            "title": "Statistic",
            "type": "dashboards"
        }
    ],
    "panels": [
        {
            "collapsed": true,
            "datasource": null,
            "gridPos": {
                "h": 1,
                "w": 24,
                "x": 0,
                "y": 0
            },
            "id": 6,
            "panels": [
                {
                    "alert": {
                        "alertRuleTags": {},
                        "conditions": [
                            {
                                "evaluator": {
                                    "params": [
                                        3000
                                    ],
                                    "type": "gt"
                                },
                                "operator": {
                                    "type": "and"
                                },
                                "query": {
                                    "params": [
                                        "A",
                                        "10m",
                                        "now"
                                    ]
                                },
                                "reducer": {
                                    "params": [],
                                    "type": "avg"
                                },
                                "type": "query"
                            },
                            {
                                "evaluator": {
                                    "params": [
                                        3000
                                    ],
                                    "type": "gt"
                                },
                                "operator": {
                                    "type": "and"
                                },
                                "query": {
                                    "params": [
                                        "B",
                                        "10m",
                                        "now"
                                    ]
                                },
                                "reducer": {
                                    "params": [],
                                    "type": "avg"
                                },
                                "type": "query"
                            },
                            {
                                "evaluator": {
                                    "params": [
                                        3000
                                    ],
                                    "type": "gt"
                                },
                                "operator": {
                                    "type": "and"
                                },
                                "query": {
                                    "params": [
                                        "E",
                                        "10m",
                                        "now"
                                    ]
                                },
                                "reducer": {
                                    "params": [],
                                    "type": "avg"
                                },
                                "type": "query"
                            }
                        ],
                        "executionErrorState": "alerting",
                        "for": "1h",
                        "frequency": "10m",
                        "handler": 1,
                        "message": "\u0421\u0440\u0435\u0434\u043d\u0435\u0435 \u0437\u043d\u0430\u0447\u0435\u043d\u0438\u0435 \u0432\u0440\u0435\u043c\u0435\u043d\u0438 \u0432\u044b\u043f\u043e\u043b\u043d\u0435\u043d\u0438\u044f \u043e\u043f\u0435\u0440\u0430\u0446\u0438\u0439 \u0432 Web-Client \u043f\u0440\u0435\u0432\u044b\u0441\u0438\u043b\u043e 3 \u0441\u0435\u043a\u0443\u043d\u0434\u044b!",
                        "name": "Web Client. Operations. alert",
                        "noDataState": "keep_state",
                        "notifications": [
                            {
                                "uid": "aO01MSgMk"
                            }
                        ]
                    },
                    "aliasColors": {
                        "Average navigation time": "rgba(255, 255, 255, 0.5)",
                        "Average time of all navigations": "dark-purple",
                        "Desktop. Average navigation time": "rgba(255, 255, 255, 0.5)",
                        "SungeroClient. Average navigation time": "rgba(255, 255, 255, 0.5)",
                        "Web. Average navigation time": "rgba(255, 255, 255, 0.5)",
                        "WebClient. Average navigation time": "rgba(143, 59, 184, 0.89)"
                    },
                    "bars": false,
                    "dashLength": 10,
                    "dashes": false,
                    "datasource": null,
                    "decimals": 1,
                    "description": "",
                    "fill": 0,
                    "fillGradient": 0,
                    "gridPos": {
                        "h": 9,
                        "w": 12,
                        "x": 0,
                        "y": 1
                    },
                    "hiddenSeries": false,
                    "id": 65,
                    "interval": "1h",
                    "legend": {
                        "alignAsTable": true,
                        "avg": true,
                        "current": false,
                        "hideEmpty": true,
                        "max": false,
                        "min": false,
                        "rightSide": true,
                        "show": true,
                        "sideWidth": 400,
                        "sort": "avg",
                        "sortDesc": true,
                        "total": false,
                        "values": true
                    },
                    "lines": true,
                    "linewidth": 1,
                    "links": [
                        {
                            "targetBlank": false,
                            "title": "Web client",
                            "url": "/d/LZLAm8_Wz/web-client-main-operation-execution-time?$__url_time_range&$__all_variables&var-operation=Navigate%20to"
                        }
                    ],
                    "nullPointMode": "connected",
                    "options": {
                        "dataLinks": []
                    },
                    "percentage": false,
                    "pointradius": 2,
                    "points": false,
                    "renderer": "flot",
                    "seriesOverrides": [],
                    "spaceLength": 10,
                    "stack": false,
                    "steppedLine": false,
                    "targets": [
                        {
                            "alias": "Web Client. Average special folder navigation time",
                            "bucketAggs": [
                                {
                                    "field": "@timestamp",
                                    "id": "2",
                                    "settings": {
                                        "interval": "auto",
                                        "min_doc_count": 0,
                                        "trimEdges": 0
                                    },
                                    "type": "date_histogram"
                                }
                            ],
                            "metrics": [
                                {
                                    "field": "duration",
                                    "id": "1",
                                    "meta": {},
                                    "settings": {},
                                    "type": "avg"
                                }
                            ],
                            "query": "logLevel: \"Info\" AND operation: \"Navigate to\" AND navigate.type: \"folder\" AND serviceName: WebClient",
                            "refId": "B",
                            "timeField": "@timestamp"
                        },
                        {
                            "alias": "Web Client. Average saving time",
                            "bucketAggs": [
                                {
                                    "field": "@timestamp",
                                    "id": "2",
                                    "settings": {
                                        "interval": "auto",
                                        "min_doc_count": 0,
                                        "trimEdges": 0
                                    },
                                    "type": "date_histogram"
                                }
                            ],
                            "metrics": [
                                {
                                    "field": "duration",
                                    "id": "1",
                                    "meta": {},
                                    "settings": {},
                                    "type": "avg"
                                }
                            ],
                            "query": "logLevel: \"Info\" AND operation: \"Execute action\" AND action.type: \"card\" AND actionName: Save AND serviceName: WebClient",
                            "refId": "A",
                            "timeField": "@timestamp"
                        },
                        {
                            "alias": "Web Client. Average opening time",
                            "bucketAggs": [
                                {
                                    "field": "@timestamp",
                                    "id": "2",
                                    "settings": {
                                        "interval": "auto",
                                        "min_doc_count": 0,
                                        "trimEdges": 0
                                    },
                                    "type": "date_histogram"
                                }
                            ],
                            "metrics": [
                                {
                                    "field": "duration",
                                    "id": "1",
                                    "meta": {},
                                    "settings": {},
                                    "type": "avg"
                                }
                            ],
                            "query": "logLevel: \"Info\" AND serviceName: \"WebClient\" AND operation: \"Navigate to\" AND navigate.type: \"card\" AND serviceName: WebClient",
                            "refId": "E",
                            "timeField": "@timestamp"
                        }
                    ],
                    "thresholds": [
                        {
                            "colorMode": "critical",
                            "fill": true,
                            "line": true,
                            "op": "gt",
                            "value": 3000
                        }
                    ],
                    "timeFrom": null,
                    "timeRegions": [],
                    "timeShift": null,
                    "title": "Web Client. Operations",
                    "tooltip": {
                        "shared": true,
                        "sort": 0,
                        "value_type": "individual"
                    },
                    "type": "graph",
                    "xaxis": {
                        "buckets": null,
                        "mode": "time",
                        "name": null,
                        "show": true,
                        "values": []
                    },
                    "yaxes": [
                        {
                            "decimals": 0,
                            "format": "ms",
                            "label": null,
                            "logBase": 1,
                            "max": null,
                            "min": "0",
                            "show": true
                        },
                        {
                            "format": "short",
                            "label": null,
                            "logBase": 1,
                            "max": null,
                            "min": null,
                            "show": false
                        }
                    ],
                    "yaxis": {
                        "align": false,
                        "alignLevel": null
                    }
                }
            ],
            "title": "Web client. Operations",
            "type": "row"
        },
        {
            "collapsed": true,
            "datasource": null,
            "gridPos": {
                "h": 1,
                "w": 24,
                "x": 0,
                "y": 1
            },
            "id": 26,
            "panels": [
                {
                    "alert": {
                        "alertRuleTags": {},
                        "conditions": [
                            {
                                "evaluator": {
                                    "params": [
                                        5000
                                    ],
                                    "type": "gt"
                                },
                                "operator": {
                                    "type": "and"
                                },
                                "query": {
                                    "params": [
                                        "A",
                                        "10m",
                                        "now"
                                    ]
                                },
                                "reducer": {
                                    "params": [],
                                    "type": "avg"
                                },
                                "type": "query"
                            },
                            {
                                "evaluator": {
                                    "params": [
                                        5000
                                    ],
                                    "type": "gt"
                                },
                                "operator": {
                                    "type": "and"
                                },
                                "query": {
                                    "params": [
                                        "D",
                                        "10m",
                                        "now"
                                    ]
                                },
                                "reducer": {
                                    "params": [],
                                    "type": "avg"
                                },
                                "type": "query"
                            },
                            {
                                "evaluator": {
                                    "params": [
                                        5000
                                    ],
                                    "type": "gt"
                                },
                                "operator": {
                                    "type": "and"
                                },
                                "query": {
                                    "params": [
                                        "E",
                                        "10m",
                                        "now"
                                    ]
                                },
                                "reducer": {
                                    "params": [],
                                    "type": "avg"
                                },
                                "type": "query"
                            }
                        ],
                        "executionErrorState": "alerting",
                        "for": "1h",
                        "frequency": "10m",
                        "handler": 1,
                        "message": "\u0421\u0440\u0435\u0434\u043d\u0435\u0435 \u0432\u0440\u0435\u043c\u044f \u0432\u044b\u043f\u043e\u043b\u043d\u0435\u043d\u0438\u044f \u043e\u043f\u0435\u0440\u0430\u0446\u0438\u0439 \u0432 desktop \u043a\u043b\u0438\u0435\u043d\u0442\u0435 \u043f\u0440\u0435\u0432\u044b\u0441\u0438\u043b\u043e 5 \u0441\u0435\u043a\u0443\u043d\u0434!",
                        "name": "Desktop Client. Operations alert",
                        "noDataState": "keep_state",
                        "notifications": [
                            {
                                "uid": "aO01MSgMk"
                            }
                        ]
                    },
                    "aliasColors": {
                        "Average saving time": "rgba(255, 255, 255, 0.5)",
                        "Desktop. Average saving time": "rgba(255, 255, 255, 0.5)",
                        "SungeroClient. Average navigation time": "dark-purple",
                        "SungeroClient. Average saving time": "rgba(255, 255, 255, 0.5)",
                        "Web. Average saving time": "rgba(255, 255, 255, 0.5)",
                        "WebClient. Average saving time": "rgba(255, 255, 255, 0.5)"
                    },
                    "bars": false,
                    "dashLength": 10,
                    "dashes": false,
                    "datasource": null,
                    "decimals": 1,
                    "description": "",
                    "fill": 0,
                    "fillGradient": 0,
                    "gridPos": {
                        "h": 9,
                        "w": 12,
                        "x": 0,
                        "y": 2
                    },
                    "hiddenSeries": false,
                    "id": 67,
                    "interval": "1d",
                    "legend": {
                        "alignAsTable": true,
                        "avg": true,
                        "current": false,
                        "hideEmpty": true,
                        "max": false,
                        "min": false,
                        "rightSide": true,
                        "show": true,
                        "sideWidth": 400,
                        "sort": "avg",
                        "sortDesc": true,
                        "total": false,
                        "values": true
                    },
                    "lines": true,
                    "linewidth": 1,
                    "links": [
                        {
                            "targetBlank": false,
                            "title": "Desktop client",
                            "url": "/d/65XHW8lWk/desktop-client-main-operation-execution-time?$__url_time_range&$__all_variables&var-operation=save%20card"
                        }
                    ],
                    "nullPointMode": "connected",
                    "options": {
                        "dataLinks": []
                    },
                    "percentage": false,
                    "pointradius": 2,
                    "points": false,
                    "renderer": "flot",
                    "seriesOverrides": [],
                    "spaceLength": 10,
                    "stack": false,
                    "steppedLine": false,
                    "targets": [
                        {
                            "alias": "Desktop Client. Average saving time",
                            "bucketAggs": [
                                {
                                    "field": "@timestamp",
                                    "id": "2",
                                    "settings": {
                                        "interval": "auto",
                                        "min_doc_count": 0,
                                        "trimEdges": 0
                                    },
                                    "type": "date_histogram"
                                }
                            ],
                            "metrics": [
                                {
                                    "field": "duration",
                                    "id": "1",
                                    "meta": {},
                                    "settings": {},
                                    "type": "avg"
                                }
                            ],
                            "query": "logLevel: \"Info\" AND operation: \"save card\" AND serviceName: SungeroClient",
                            "refId": "D",
                            "timeField": "@timestamp"
                        },
                        {
                            "alias": "Desktop Client. Average special folder navigation time",
                            "bucketAggs": [
                                {
                                    "field": "@timestamp",
                                    "id": "2",
                                    "settings": {
                                        "interval": "auto",
                                        "min_doc_count": 0,
                                        "trimEdges": 0
                                    },
                                    "type": "date_histogram"
                                }
                            ],
                            "metrics": [
                                {
                                    "field": "duration",
                                    "id": "1",
                                    "meta": {},
                                    "settings": {},
                                    "type": "avg"
                                }
                            ],
                            "query": "logLevel: \"Info\" AND operation: \"navigate to folder\" AND serviceName: SungeroClient",
                            "refId": "A",
                            "timeField": "@timestamp"
                        },
                        {
                            "alias": "Desktop Client. Average opening time",
                            "bucketAggs": [
                                {
                                    "field": "@timestamp",
                                    "id": "2",
                                    "settings": {
                                        "interval": "auto",
                                        "min_doc_count": 0,
                                        "trimEdges": 0
                                    },
                                    "type": "date_histogram"
                                }
                            ],
                            "metrics": [
                                {
                                    "field": "duration",
                                    "id": "1",
                                    "meta": {},
                                    "settings": {},
                                    "type": "avg"
                                }
                            ],
                            "query": "logLevel: \"Info\" AND operation: \"open card window\" AND serviceName: SungeroClient",
                            "refId": "E",
                            "timeField": "@timestamp"
                        }
                    ],
                    "thresholds": [
                        {
                            "colorMode": "critical",
                            "fill": true,
                            "line": true,
                            "op": "gt",
                            "value": 5000
                        }
                    ],
                    "timeFrom": "1w",
                    "timeRegions": [],
                    "timeShift": null,
                    "title": "Desktop Client. Operations",
                    "tooltip": {
                        "shared": true,
                        "sort": 0,
                        "value_type": "individual"
                    },
                    "type": "graph",
                    "xaxis": {
                        "buckets": null,
                        "mode": "time",
                        "name": null,
                        "show": true,
                        "values": []
                    },
                    "yaxes": [
                        {
                            "decimals": 0,
                            "format": "ms",
                            "label": null,
                            "logBase": 1,
                            "max": null,
                            "min": "0",
                            "show": true
                        },
                        {
                            "format": "short",
                            "label": null,
                            "logBase": 1,
                            "max": null,
                            "min": null,
                            "show": false
                        }
                    ],
                    "yaxis": {
                        "align": false,
                        "alignLevel": null
                    }
                }
            ],
            "title": "Desktop client.Operations",
            "type": "row"
        },
        {
            "collapsed": false,
            "datasource": null,
            "gridPos": {
                "h": 1,
                "w": 24,
                "x": 0,
                "y": 2
            },
            "id": 42,
            "panels": [],
            "title": "Hardware load",
            "type": "row"
        },
        {
            "alert": {
                "alertRuleTags": {},
                "conditions": [
                    {
                        "evaluator": {
                            "params": [
                                70,
                                90
                            ],
                            "type": "within_range"
                        },
                        "operator": {
                            "type": "and"
                        },
                        "query": {
                            "params": [
                                "A",
                                "5m",
                                "now"
                            ]
                        },
                        "reducer": {
                            "params": [],
                            "type": "avg"
                        },
                        "type": "query"
                    }
                ],
                "executionErrorState": "alerting",
                "for": "20m",
                "frequency": "5m",
                "handler": 1,
                "message": "\u0417\u0430\u0433\u0440\u0443\u0437\u043a\u0430 CPU \u043d\u0430 \u0441\u0435\u0440\u0432\u0435\u0440\u0435 \u043f\u0440\u0435\u0432\u044b\u0448\u0430\u0435\u0442 35% \u043d\u0430 \u043f\u0440\u043e\u0442\u044f\u0436\u0435\u043d\u0438\u0438 20 \u043c\u0438\u043d\u0443\u0442!",
                "name": "Localhost CPU load warning alert",
                "noDataState": "keep_state",
                "notifications": [
                    {
                        "uid": "kXcDz1QZz"
                    },
                    {
                        "uid": "YlX072rWk"
                    },
                    {
                        "uid": "aO01MSgMk"
                    }
                ]
            },
            "bars": false,
            "dashLength": 10,
            "dashes": false,
            "datasource": "telegraf-metrics",
            "fill": 0,
            "fillGradient": 0,
            "gridPos": {
                "h": 8,
                "w": 12,
                "x": 0,
                "y": 3
            },
            "hiddenSeries": false,
            "id": 49,
            "interval": "1h",
            "legend": {
                "alignAsTable": true,
                "avg": true,
                "current": false,
                "max": true,
                "min": false,
                "rightSide": true,
                "show": true,
                "sideWidth": 0,
                "total": false,
                "values": true
            },
            "lines": true,
            "linewidth": 2,
            "links": [],
            "nullPointMode": "connected",
            "options": {
                "dataLinks": []
            },
            "percentage": false,
            "pointradius": 2,
            "points": false,
            "renderer": "flot",
            "seriesOverrides": [
                {
                    "alias": "localhost"
                }
            ],
            "spaceLength": 10,
            "stack": false,
            "steppedLine": false,
            "targets": [
                {
                    "bucketAggs": [
                        {
                            "fake": true,
                            "field": "tag.host",
                            "id": "3",
                            "settings": {
                                "min_doc_count": 1,
                                "order": "desc",
                                "orderBy": "_term",
                                "size": "0"
                            },
                            "type": "terms"
                        },
                        {
                            "field": "@timestamp",
                            "id": "2",
                            "settings": {
                                "interval": "auto",
                                "min_doc_count": 0,
                                "trimEdges": 0
                            },
                            "type": "date_histogram"
                        }
                    ],
                    "metrics": [
                        {
                            "field": "win_cpu.Percent_Idle_Time",
                            "id": "1",
                            "inlineScript": "100-_value",
                            "meta": {},
                            "settings": {
                                "script": {
                                    "inline": "100-_value"
                                }
                            },
                            "type": "avg"
                        }
                    ],
                    "query": "tag.host: localhost AND measurement_name: \"win_cpu\"  AND tag.instance: \"_Total\"",
                    "refId": "A",
                    "timeField": "@timestamp"
                }
            ],
            "thresholds": [
                {
                    "colorMode": "critical",
                    "fill": true,
                    "line": true,
                    "op": "gt",
                    "value": 70
                },
                {
                    "colorMode": "critical",
                    "fill": true,
                    "line": true,
                    "op": "lt",
                    "value": 90
                }
            ],
            "timeFrom": null,
            "timeRegions": [],
            "timeShift": null,
            "title": "Localhost CPU load warning",
            "tooltip": {
                "shared": true,
                "sort": 0,
                "value_type": "individual"
            },
            "type": "graph",
            "xaxis": {
                "buckets": null,
                "mode": "time",
                "name": null,
                "show": true,
                "values": []
            },
            "yaxes": [
                {
                    "decimals": 0,
                    "format": "percent",
                    "label": null,
                    "logBase": 1,
                    "max": "100",
                    "min": "0",
                    "show": true
                },
                {
                    "format": "short",
                    "label": null,
                    "logBase": 1,
                    "max": null,
                    "min": null,
                    "show": false
                }
            ],
            "yaxis": {
                "align": false,
                "alignLevel": null
            }
        },
        {
            "alert": {
                "alertRuleTags": {},
                "conditions": [
                    {
                        "evaluator": {
                            "params": [
                                90,
                                100
                            ],
                            "type": "within_range"
                        },
                        "operator": {
                            "type": "and"
                        },
                        "query": {
                            "params": [
                                "A",
                                "1m",
                                "now"
                            ]
                        },
                        "reducer": {
                            "params": [],
                            "type": "avg"
                        },
                        "type": "query"
                    }
                ],
                "executionErrorState": "alerting",
                "for": "5m",
                "frequency": "1m",
                "handler": 1,
                "message": "\u0417\u0430\u0433\u0440\u0443\u0437\u043a\u0430 CPU \u043d\u0430 \u0441\u0435\u0440\u0432\u0435\u0440\u0435 \u043f\u0440\u0435\u0432\u044b\u0448\u0430\u0435\u0442 75% \u043d\u0430 \u043f\u0440\u043e\u0442\u044f\u0436\u0435\u043d\u0438\u0438 5 \u043c\u0438\u043d\u0443\u0442!",
                "name": "Localhost CPU load critical alert",
                "noDataState": "keep_state",
                "notifications": [
                    {
                        "uid": "kXcDz1QZz"
                    },
                    {
                        "uid": "YlX072rWk"
                    },
                    {
                        "uid": "aO01MSgMk"
                    }
                ]
            },
            "bars": false,
            "dashLength": 10,
            "dashes": false,
            "datasource": "telegraf-metrics",
            "fill": 0,
            "fillGradient": 0,
            "gridPos": {
                "h": 8,
                "w": 12,
                "x": 12,
                "y": 3
            },
            "hiddenSeries": false,
            "id": 53,
            "interval": "1h",
            "legend": {
                "alignAsTable": true,
                "avg": true,
                "current": false,
                "max": true,
                "min": false,
                "rightSide": true,
                "show": true,
                "sideWidth": 0,
                "total": false,
                "values": true
            },
            "lines": true,
            "linewidth": 2,
            "links": [],
            "nullPointMode": "connected",
            "options": {
                "dataLinks": []
            },
            "percentage": false,
            "pointradius": 2,
            "points": false,
            "renderer": "flot",
            "seriesOverrides": [
                {
                    "alias": "localhost"
                }
            ],
            "spaceLength": 10,
            "stack": false,
            "steppedLine": false,
            "targets": [
                {
                    "bucketAggs": [
                        {
                            "fake": true,
                            "field": "tag.host",
                            "id": "3",
                            "settings": {
                                "min_doc_count": 1,
                                "order": "desc",
                                "orderBy": "_term",
                                "size": "0"
                            },
                            "type": "terms"
                        },
                        {
                            "field": "@timestamp",
                            "id": "2",
                            "settings": {
                                "interval": "auto",
                                "min_doc_count": 0,
                                "trimEdges": 0
                            },
                            "type": "date_histogram"
                        }
                    ],
                    "metrics": [
                        {
                            "field": "win_cpu.Percent_Idle_Time",
                            "id": "1",
                            "inlineScript": "100-_value",
                            "meta": {},
                            "settings": {
                                "script": {
                                    "inline": "100-_value"
                                }
                            },
                            "type": "avg"
                        }
                    ],
                    "query": "tag.host: localhost AND measurement_name: \"win_cpu\"  AND tag.instance: \"_Total\"",
                    "refId": "A",
                    "timeField": "@timestamp"
                }
            ],
            "thresholds": [
                {
                    "colorMode": "critical",
                    "fill": true,
                    "line": true,
                    "op": "gt",
                    "value": 90
                },
                {
                    "colorMode": "critical",
                    "fill": true,
                    "line": true,
                    "op": "lt",
                    "value": 100
                }
            ],
            "timeFrom": null,
            "timeRegions": [],
            "timeShift": null,
            "title": "Localhost CPU load critical",
            "tooltip": {
                "shared": true,
                "sort": 0,
                "value_type": "individual"
            },
            "type": "graph",
            "xaxis": {
                "buckets": null,
                "mode": "time",
                "name": null,
                "show": true,
                "values": []
            },
            "yaxes": [
                {
                    "decimals": 0,
                    "format": "percent",
                    "label": null,
                    "logBase": 1,
                    "max": "100",
                    "min": "0",
                    "show": true
                },
                {
                    "format": "short",
                    "label": null,
                    "logBase": 1,
                    "max": null,
                    "min": null,
                    "show": false
                }
            ],
            "yaxis": {
                "align": false,
                "alignLevel": null
            }
        },
        {
            "alert": {
                "alertRuleTags": {},
                "conditions": [
                    {
                        "evaluator": {
                            "params": [
                                70,
                                90
                            ],
                            "type": "within_range"
                        },
                        "operator": {
                            "type": "and"
                        },
                        "query": {
                            "params": [
                                "A",
                                "1m",
                                "now"
                            ]
                        },
                        "reducer": {
                            "params": [],
                            "type": "avg"
                        },
                        "type": "query"
                    }
                ],
                "executionErrorState": "alerting",
                "for": "20m",
                "frequency": "1m",
                "handler": 1,
                "message": "\u041e\u0431\u0449\u0430\u044f \u0437\u0430\u0433\u0440\u0443\u0437\u043a\u0430 \u043f\u0430\u043c\u044f\u0442\u0438 localhost \u043f\u0440\u0435\u0432\u044b\u0441\u0438\u043b\u0430 70%!",
                "name": "Localhost. \u0417\u0430\u043d\u044f\u0442\u043e RAM, % warning alert",
                "noDataState": "keep_state",
                "notifications": [
                    {
                        "uid": "YlX072rWk"
                    },
                    {
                        "uid": "aO01MSgMk"
                    }
                ]
            },
            "bars": false,
            "dashLength": 10,
            "dashes": false,
            "datasource": "telegraf-metrics",
            "fill": 0,
            "fillGradient": 0,
            "gridPos": {
                "h": 8,
                "w": 12,
                "x": 0,
                "y": 11
            },
            "hiddenSeries": false,
            "id": 55,
            "legend": {
                "alignAsTable": true,
                "avg": true,
                "current": false,
                "max": true,
                "min": false,
                "rightSide": true,
                "show": true,
                "total": false,
                "values": true
            },
            "lines": true,
            "linewidth": 2,
            "nullPointMode": "connected",
            "options": {
                "dataLinks": []
            },
            "percentage": false,
            "pointradius": 2,
            "points": false,
            "renderer": "flot",
            "seriesOverrides": [],
            "spaceLength": 10,
            "stack": false,
            "steppedLine": false,
            "targets": [
                {
                    "alias": "localhost",
                    "bucketAggs": [
                        {
                            "field": "@timestamp",
                            "id": "2",
                            "settings": {
                                "interval": "auto",
                                "min_doc_count": 0,
                                "trimEdges": 0
                            },
                            "type": "date_histogram"
                        }
                    ],
                    "metrics": [
                        {
                            "field": "mem.used_percent",
                            "id": "1",
                            "meta": {},
                            "settings": {},
                            "type": "avg"
                        }
                    ],
                    "query": "tag.host: localhost AND measurement_name: \"mem\"",
                    "refId": "A",
                    "timeField": "@timestamp"
                }
            ],
            "thresholds": [
                {
                    "colorMode": "critical",
                    "fill": true,
                    "line": true,
                    "op": "gt",
                    "value": 70
                },
                {
                    "colorMode": "critical",
                    "fill": true,
                    "line": true,
                    "op": "lt",
                    "value": 90
                }
            ],
            "timeFrom": null,
            "timeRegions": [],
            "timeShift": null,
            "title": "Localhost. \u0417\u0430\u043d\u044f\u0442\u043e RAM, % warning",
            "tooltip": {
                "shared": true,
                "sort": 0,
                "value_type": "individual"
            },
            "type": "graph",
            "xaxis": {
                "buckets": null,
                "mode": "time",
                "name": null,
                "show": true,
                "values": []
            },
            "yaxes": [
                {
                    "decimals": 0,
                    "format": "percent",
                    "label": null,
                    "logBase": 1,
                    "max": "100",
                    "min": "0",
                    "show": true
                },
                {
                    "format": "short",
                    "label": null,
                    "logBase": 1,
                    "max": null,
                    "min": null,
                    "show": false
                }
            ],
            "yaxis": {
                "align": false,
                "alignLevel": null
            }
        },
        {
            "alert": {
                "alertRuleTags": {},
                "conditions": [
                    {
                        "evaluator": {
                            "params": [
                                90,
                                100
                            ],
                            "type": "within_range"
                        },
                        "operator": {
                            "type": "and"
                        },
                        "query": {
                            "params": [
                                "A",
                                "1m",
                                "now"
                            ]
                        },
                        "reducer": {
                            "params": [],
                            "type": "avg"
                        },
                        "type": "query"
                    }
                ],
                "executionErrorState": "alerting",
                "for": "5m",
                "frequency": "1m",
                "handler": 1,
                "message": "\u041e\u0431\u0449\u0430\u044f \u0437\u0430\u0433\u0440\u0443\u0437\u043a\u0430 \u043f\u0430\u043c\u044f\u0442\u0438 localhost \u043f\u0440\u0435\u0432\u044b\u0441\u0438\u043b\u0430 90% \u0438 \u043f\u0440\u043e\u0434\u043e\u043b\u0436\u0430\u0435\u0442 \u0440\u0430\u0441\u0442\u0438!",
                "name": "Localhost. \u0417\u0430\u043d\u044f\u0442\u043e RAM, % critical alert",
                "noDataState": "keep_state",
                "notifications": [
                    {
                        "uid": "YlX072rWk"
                    },
                    {
                        "uid": "aO01MSgMk"
                    }
                ]
            },
            "bars": false,
            "dashLength": 10,
            "dashes": false,
            "datasource": "telegraf-metrics",
            "fill": 0,
            "fillGradient": 0,
            "gridPos": {
                "h": 8,
                "w": 12,
                "x": 12,
                "y": 11
            },
            "hiddenSeries": false,
            "id": 51,
            "legend": {
                "alignAsTable": true,
                "avg": true,
                "current": false,
                "max": true,
                "min": false,
                "rightSide": true,
                "show": true,
                "total": false,
                "values": true
            },
            "lines": true,
            "linewidth": 2,
            "nullPointMode": "connected",
            "options": {
                "dataLinks": []
            },
            "percentage": false,
            "pointradius": 2,
            "points": false,
            "renderer": "flot",
            "seriesOverrides": [],
            "spaceLength": 10,
            "stack": false,
            "steppedLine": false,
            "targets": [
                {
                    "alias": "localhost",
                    "bucketAggs": [
                        {
                            "field": "@timestamp",
                            "id": "2",
                            "settings": {
                                "interval": "auto",
                                "min_doc_count": 0,
                                "trimEdges": 0
                            },
                            "type": "date_histogram"
                        }
                    ],
                    "metrics": [
                        {
                            "field": "mem.used_percent",
                            "id": "1",
                            "meta": {},
                            "settings": {},
                            "type": "avg"
                        }
                    ],
                    "query": "tag.host: localhost AND measurement_name: \"mem\"",
                    "refId": "A",
                    "timeField": "@timestamp"
                }
            ],
            "thresholds": [
                {
                    "colorMode": "critical",
                    "fill": true,
                    "line": true,
                    "op": "gt",
                    "value": 90,
                    "yaxis": "left"
                },
                {
                    "colorMode": "critical",
                    "fill": true,
                    "line": true,
                    "op": "lt",
                    "value": 100,
                    "yaxis": "left"
                }
            ],
            "timeFrom": null,
            "timeRegions": [],
            "timeShift": null,
            "title": "Localhost. \u0417\u0430\u043d\u044f\u0442\u043e RAM, % critical",
            "tooltip": {
                "shared": true,
                "sort": 0,
                "value_type": "individual"
            },
            "type": "graph",
            "xaxis": {
                "buckets": null,
                "mode": "time",
                "name": null,
                "show": true,
                "values": []
            },
            "yaxes": [
                {
                    "decimals": 0,
                    "format": "percent",
                    "label": null,
                    "logBase": 1,
                    "max": "100",
                    "min": "0",
                    "show": true
                },
                {
                    "format": "short",
                    "label": null,
                    "logBase": 1,
                    "max": null,
                    "min": null,
                    "show": false
                }
            ],
            "yaxis": {
                "align": false,
                "alignLevel": null
            }
        },
        {
            "alert": {
                "alertRuleTags": {},
                "conditions": [
                    {
                        "evaluator": {
                            "params": [
                                400000000
                            ],
                            "type": "gt"
                        },
                        "operator": {
                            "type": "and"
                        },
                        "query": {
                            "params": [
                                "A",
                                "5h",
                                "now"
                            ]
                        },
                        "reducer": {
                            "params": [],
                            "type": "avg"
                        },
                        "type": "query"
                    },
                    {
                        "evaluator": {
                            "params": [
                                400000000
                            ],
                            "type": "gt"
                        },
                        "operator": {
                            "type": "and"
                        },
                        "query": {
                            "params": [
                                "B",
                                "5m",
                                "now"
                            ]
                        },
                        "reducer": {
                            "params": [],
                            "type": "avg"
                        },
                        "type": "query"
                    }
                ],
                "executionErrorState": "alerting",
                "for": "0",
                "frequency": "1h",
                "handler": 1,
                "message": "\u0421\u0440\u0435\u0434\u043d\u0435\u0435 \u0437\u043d\u0430\u0447\u0435\u043d\u0438\u0435 \u0438\u0441\u043f\u043e\u043b\u044c\u0437\u043e\u0432\u0430\u043d\u0438\u044f \u041e\u0417\u0423 \u043d\u0430 \u0441\u0435\u0440\u0432\u0435\u0440\u0435 localhost \u0432 \u0438\u043d\u0442\u0435\u0440\u0432\u0430\u043b\u0435 5 \u0447\u0430\u0441\u043e\u0432 \u0432\u044b\u0440\u043e\u0441\u043b\u043e!",
                "name": "Differential avg. mem. usage alert",
                "noDataState": "ok",
                "notifications": [
                    {
                        "uid": "kXcDz1QZz"
                    },
                    {
                        "uid": "YlX072rWk"
                    },
                    {
                        "uid": "aO01MSgMk"
                    }
                ]
            },
            "bars": false,
            "dashLength": 10,
            "dashes": false,
            "datasource": "telegraf-metrics",
            "decimals": 0,
            "fill": 2,
            "fillGradient": 7,
            "gridPos": {
                "h": 7,
                "w": 24,
                "x": 0,
                "y": 19
            },
            "hiddenSeries": false,
            "hideTimeOverride": true,
            "id": 47,
            "interval": "1h",
            "legend": {
                "alignAsTable": true,
                "avg": true,
                "current": false,
                "max": false,
                "min": false,
                "rightSide": true,
                "show": true,
                "total": false,
                "values": true
            },
            "lines": true,
            "linewidth": 2,
            "nullPointMode": "connected",
            "options": {
                "dataLinks": []
            },
            "percentage": false,
            "pointradius": 2,
            "points": false,
            "renderer": "flot",
            "seriesOverrides": [],
            "spaceLength": 10,
            "stack": false,
            "steppedLine": false,
            "targets": [
                {
                    "alias": "Differential average memory usage Localhost",
                    "bucketAggs": [
                        {
                            "field": "@timestamp",
                            "id": "2",
                            "settings": {
                                "interval": "auto",
                                "min_doc_count": 0,
                                "trimEdges": 0
                            },
                            "type": "date_histogram"
                        }
                    ],
                    "metrics": [
                        {
                            "field": "mem.used",
                            "hide": true,
                            "id": "1",
                            "meta": {},
                            "settings": {},
                            "type": "avg"
                        },
                        {
                            "field": "1",
                            "id": "3",
                            "meta": {},
                            "pipelineAgg": "1",
                            "settings": {},
                            "type": "derivative"
                        }
                    ],
                    "query": "tag.host: localhost AND measurement_name: \"mem\"",
                    "refId": "A",
                    "timeField": "@timestamp"
                },
                {
                    "alias": "Differential average memory usage Localhost2",
                    "bucketAggs": [
                        {
                            "field": "@timestamp",
                            "id": "2",
                            "settings": {
                                "interval": "auto",
                                "min_doc_count": 0,
                                "trimEdges": 0
                            },
                            "type": "date_histogram"
                        }
                    ],
                    "metrics": [
                        {
                            "field": "mem.used",
                            "hide": true,
                            "id": "1",
                            "meta": {},
                            "settings": {},
                            "type": "avg"
                        },
                        {
                            "field": "1",
                            "id": "3",
                            "meta": {},
                            "pipelineAgg": "1",
                            "settings": {},
                            "type": "derivative"
                        }
                    ],
                    "query": "tag.host: localhost2 AND measurement_name: \"mem\"",
                    "refId": "B",
                    "timeField": "@timestamp"
                }
            ],
            "thresholds": [
                {
                    "colorMode": "critical",
                    "fill": true,
                    "line": true,
                    "op": "gt",
                    "value": 400000000
                }
            ],
            "timeFrom": "5h",
            "timeRegions": [],
            "timeShift": null,
            "title": "Differential average memory usage",
            "tooltip": {
                "shared": true,
                "sort": 0,
                "value_type": "individual"
            },
            "type": "graph",
            "xaxis": {
                "buckets": null,
                "mode": "time",
                "name": null,
                "show": true,
                "values": []
            },
            "yaxes": [
                {
                    "decimals": 0,
                    "format": "decbytes",
                    "label": null,
                    "logBase": 1,
                    "max": null,
                    "min": null,
                    "show": true
                },
                {
                    "format": "short",
                    "label": null,
                    "logBase": 1,
                    "max": null,
                    "min": null,
                    "show": false
                }
            ],
            "yaxis": {
                "align": false,
                "alignLevel": null
            }
        },
        {
            "collapsed": false,
            "datasource": null,
            "gridPos": {
                "h": 1,
                "w": 24,
                "x": 0,
                "y": 26
            },
            "id": 73,
            "panels": [],
            "title": "Disk alerts",
            "type": "row"
        },
        {
            "alert": {
                "alertRuleTags": {},
                "conditions": [
                    {
                        "evaluator": {
                            "params": [
                                10000
                            ],
                            "type": "lt"
                        },
                        "operator": {
                            "type": "and"
                        },
                        "query": {
                            "params": [
                                "A",
                                "5m",
                                "now"
                            ]
                        },
                        "reducer": {
                            "params": [],
                            "type": "avg"
                        },
                        "type": "query"
                    }
                ],
                "executionErrorState": "alerting",
                "for": "10m",
                "frequency": "5m",
                "handler": 1,
                "message": "\u041d\u0430 \u0434\u0438\u0441\u043a\u043e\u0432\u043e\u043c \u043c\u0430\u0441\u0441\u0438\u0432\u0435 \u0441\u0435\u0440\u0432\u0435\u0440\u0430 localhost \u043e\u0441\u0442\u0430\u043b\u043e\u0441\u044c \u043c\u0435\u043d\u0435\u0435 15\u0413\u0431 \u0441\u0432\u043e\u0431\u043e\u0434\u043d\u043e\u0433\u043e \u043c\u0435\u0441\u0442\u0430!",
                "name": "Localhost. Free space, MB alert",
                "noDataState": "keep_state",
                "notifications": [
                    {
                        "uid": "aO01MSgMk"
                    }
                ]
            },
            "aliasColors": {},
            "bars": false,
            "dashLength": 10,
            "dashes": false,
            "datasource": "telegraf-metrics",
            "fill": 1,
            "fillGradient": 0,
            "gridPos": {
                "h": 8,
                "w": 12,
                "x": 0,
                "y": 27
            },
            "hiddenSeries": false,
            "id": 69,
            "interval": "5m",
            "legend": {
                "avg": false,
                "current": false,
                "max": false,
                "min": false,
                "show": true,
                "total": false,
                "values": false
            },
            "lines": true,
            "linewidth": 1,
            "nullPointMode": "null",
            "options": {
                "dataLinks": []
            },
            "percentage": false,
            "pointradius": 2,
            "points": false,
            "renderer": "flot",
            "seriesOverrides": [],
            "spaceLength": 10,
            "stack": false,
            "steppedLine": false,
            "targets": [
                {
                    "bucketAggs": [
                        {
                            "fake": true,
                            "field": "tag.instance",
                            "id": "3",
                            "settings": {
                                "min_doc_count": 1,
                                "order": "desc",
                                "orderBy": "_term",
                                "size": "10"
                            },
                            "type": "terms"
                        },
                        {
                            "field": "@timestamp",
                            "id": "2",
                            "settings": {
                                "interval": "auto",
                                "min_doc_count": 0,
                                "trimEdges": 0
                            },
                            "type": "date_histogram"
                        }
                    ],
                    "metrics": [
                        {
                            "field": "win_disk.Free_Megabytes",
                            "id": "1",
                            "meta": {},
                            "settings": {},
                            "type": "min"
                        }
                    ],
                    "query": "tag.host: localhost AND measurement_name: \"win_disk\" AND NOT tag.instance: Harddisk*",
                    "refId": "A",
                    "timeField": "@timestamp"
                }
            ],
            "thresholds": [
                {
                    "colorMode": "critical",
                    "fill": true,
                    "line": true,
                    "op": "lt",
                    "value": 10000
                }
            ],
            "timeFrom": null,
            "timeRegions": [],
            "timeShift": null,
            "title": "Localhost. Free space, MB",
            "tooltip": {
                "shared": true,
                "sort": 0,
                "value_type": "individual"
            },
            "type": "graph",
            "xaxis": {
                "buckets": null,
                "mode": "time",
                "name": null,
                "show": true,
                "values": []
            },
            "yaxes": [
                {
                    "format": "mbytes",
                    "label": null,
                    "logBase": 1,
                    "max": null,
                    "min": "0",
                    "show": true
                },
                {
                    "format": "short",
                    "label": null,
                    "logBase": 1,
                    "max": null,
                    "min": null,
                    "show": true
                }
            ],
            "yaxis": {
                "align": false,
                "alignLevel": null
            }
        },
        {
            "alert": {
                "alertRuleTags": {},
                "conditions": [
                    {
                        "evaluator": {
                            "params": [
                                80
                            ],
                            "type": "gt"
                        },
                        "operator": {
                            "type": "and"
                        },
                        "query": {
                            "params": [
                                "A",
                                "10m",
                                "now"
                            ]
                        },
                        "reducer": {
                            "params": [],
                            "type": "avg"
                        },
                        "type": "query"
                    }
                ],
                "executionErrorState": "alerting",
                "for": "10m",
                "frequency": "5m",
                "handler": 1,
                "message": "\u041d\u0430 \u0434\u0438\u0441\u043a\u0435 \u0441 \u0438\u043d\u0434\u0435\u043a\u0441\u0430\u043c\u0438 Elasticsearch \u0437\u0430\u043d\u044f\u0442\u043e 80% \u043e\u0431\u044a\u0435\u043c\u0430!",
                "name": "Monitoring server disk used space alert",
                "noDataState": "keep_state",
                "notifications": [
                    {
                        "uid": "aO01MSgMk"
                    }
                ]
            },
            "aliasColors": {
                "vda1": "dark-orange"
            },
            "bars": false,
            "dashLength": 10,
            "dashes": false,
            "datasource": "telegraf-metrics",
            "fill": 1,
            "fillGradient": 2,
            "gridPos": {
                "h": 8,
                "w": 12,
                "x": 12,
                "y": 27
            },
            "hiddenSeries": false,
            "id": 75,
            "interval": "10m",
            "legend": {
                "avg": false,
                "current": false,
                "max": false,
                "min": false,
                "show": true,
                "total": false,
                "values": false
            },
            "lines": true,
            "linewidth": 2,
            "nullPointMode": "null",
            "options": {
                "dataLinks": []
            },
            "percentage": false,
            "pointradius": 2,
            "points": false,
            "renderer": "flot",
            "seriesOverrides": [],
            "spaceLength": 10,
            "stack": false,
            "steppedLine": false,
            "targets": [
                {
                    "bucketAggs": [
                        {
                            "fake": true,
                            "field": "tag.device",
                            "id": "3",
                            "settings": {
                                "min_doc_count": 1,
                                "order": "desc",
                                "orderBy": "_term",
                                "size": "10"
                            },
                            "type": "terms"
                        },
                        {
                            "field": "@timestamp",
                            "id": "2",
                            "settings": {
                                "interval": "auto",
                                "min_doc_count": 0,
                                "trimEdges": 0
                            },
                            "type": "date_histogram"
                        }
                    ],
                    "metrics": [
                        {
                            "field": "disk.used_percent",
                            "id": "1",
                            "meta": {},
                            "settings": {},
                            "type": "min"
                        }
                    ],
                    "query": "tag.host: MonitoringServer AND measurement_name: \"disk\" AND tag.fstype: \"ext4\"",
                    "refId": "A",
                    "timeField": "@timestamp"
                }
            ],
            "thresholds": [
                {
                    "colorMode": "critical",
                    "fill": true,
                    "line": true,
                    "op": "gt",
                    "value": 80
                }
            ],
            "timeFrom": null,
            "timeRegions": [],
            "timeShift": null,
            "title": "Monitoring server disk used space",
            "tooltip": {
                "shared": true,
                "sort": 0,
                "value_type": "individual"
            },
            "type": "graph",
            "xaxis": {
                "buckets": null,
                "mode": "time",
                "name": null,
                "show": true,
                "values": []
            },
            "yaxes": [
                {
                    "decimals": 0,
                    "format": "percent",
                    "label": null,
                    "logBase": 1,
                    "max": null,
                    "min": "0",
                    "show": true
                },
                {
                    "format": "short",
                    "label": null,
                    "logBase": 1,
                    "max": null,
                    "min": null,
                    "show": true
                }
            ],
            "yaxis": {
                "align": false,
                "alignLevel": null
            }
        }
    ],
    "refresh": false,
    "schemaVersion": 22,
    "style": "dark",
    "tags": [
        "Alerts"
    ],
    "templating": {
        "list": []
    },
    "time": {
        "from": "now-24h",
        "to": "now"
    },
    "timepicker": {
        "refresh_intervals": [
            "5s",
            "10s",
            "30s",
            "1m",
            "5m",
            "15m",
            "30m",
            "1h",
            "2h",
            "1d"
        ]
    },
    "timezone": "",
    "title": "Alerts Dashboard",
    "uid": "s2khK8yWz",
    "version": null
}
