{
    "annotations": {
        "list": [
            {
                "builtIn": 1,
                "datasource": "-- Grafana --",
                "enable": true,
                "hide": true,
                "iconColor": "rgba(0, 211, 255, 1)",
                "name": "Annotations & Alerts",
                "type": "dashboard"
            }
        ]
    },
    "editable": true,
    "gnetId": null,
    "graphTooltip": 0,
    "id": null,
    "links": [
        {
            "asDropdown": true,
            "icon": "external link",
            "keepTime": true,
            "tags": [
                "DirectumRX"
            ],
            "targetBlank": false,
            "title": "DirectumRX",
            "type": "dashboards"
        },
        {
            "asDropdown": true,
            "icon": "external link",
            "keepTime": true,
            "tags": [
                "Hardware"
            ],
            "targetBlank": false,
            "title": "Hardware",
            "type": "dashboards"
        },
        {
            "asDropdown": true,
            "icon": "external link",
            "keepTime": true,
            "tags": [
                "Statistic"
            ],
            "targetBlank": false,
            "title": "Statistic",
            "type": "dashboards"
        }
    ],
    "panels": [
        {
            "alert": {
                "alertRuleTags": {},
                "conditions": [
                    {
                        "evaluator": {
                            "params": [],
                            "type": "no_value"
                        },
                        "operator": {
                            "type": "and"
                        },
                        "query": {
                            "params": [
                                "A",
                                "30m",
                                "now"
                            ]
                        },
                        "reducer": {
                            "params": [],
                            "type": "avg"
                        },
                        "type": "query"
                    }
                ],
                "executionErrorState": "alerting",
                "for": "5m",
                "frequency": "10m",
                "handler": 1,
                "message": "\u041d\u0435 \u043f\u043e\u0441\u0442\u0443\u043f\u0430\u044e\u0442 \u0434\u0430\u043d\u043d\u044b\u0435 \u043e\u0442 \u0441\u0435\u0440\u0432\u0438\u0441\u0430 Telegraf! \u041f\u0440\u043e\u0432\u0435\u0440\u044c\u0442\u0435 \u0440\u0430\u0431\u043e\u0442\u0443 \u0441\u0435\u0440\u0432\u0438\u0441\u0430!",
                "name": "Telegraf availability (CPU) alert",
                "noDataState": "alerting",
                "notifications": [
                    {
                        "uid": "kXcDz1QZz"
                    },
                    {
                        "uid": "YlX072rWk"
                    }
                ]
            },
            "aliasColors": {},
            "bars": false,
            "dashLength": 10,
            "dashes": false,
            "datasource": "telegraf-metrics",
            "decimals": 0,
            "fill": 2,
            "fillGradient": 7,
            "gridPos": {
                "h": 7,
                "w": 11,
                "x": 0,
                "y": 0
            },
            "hiddenSeries": false,
            "hideTimeOverride": true,
            "id": 4,
            "legend": {
                "alignAsTable": true,
                "avg": true,
                "current": false,
                "max": true,
                "min": false,
                "rightSide": true,
                "show": true,
                "total": false,
                "values": true
            },
            "lines": true,
            "linewidth": 2,
            "nullPointMode": "connected",
            "options": {
                "dataLinks": []
            },
            "percentage": false,
            "pointradius": 2,
            "points": false,
            "renderer": "flot",
            "seriesOverrides": [],
            "spaceLength": 10,
            "stack": false,
            "steppedLine": false,
            "targets": [
                {
                    "alias": "Avg CPU load",
                    "bucketAggs": [
                        {
                            "fake": true,
                            "field": "tag.instance",
                            "id": "3",
                            "settings": {
                                "min_doc_count": 1,
                                "order": "desc",
                                "orderBy": "_term",
                                "size": "0"
                            },
                            "type": "terms"
                        },
                        {
                            "field": "@timestamp",
                            "id": "2",
                            "settings": {
                                "interval": "30m",
                                "min_doc_count": 0,
                                "trimEdges": 0
                            },
                            "type": "date_histogram"
                        }
                    ],
                    "metrics": [
                        {
                            "field": "win_cpu.Percent_Idle_Time",
                            "id": "1",
                            "meta": {},
                            "settings": {},
                            "type": "avg"
                        }
                    ],
                    "query": "tag.host: localhost AND measurement_name: \"win_cpu\"  AND tag.instance: \"_Total\"",
                    "refId": "A",
                    "timeField": "@timestamp"
                }
            ],
            "thresholds": [],
            "timeFrom": null,
            "timeRegions": [],
            "timeShift": "10m",
            "title": "Telegraf availability (CPU)",
            "tooltip": {
                "shared": true,
                "sort": 0,
                "value_type": "individual"
            },
            "transparent": true,
            "type": "graph",
            "xaxis": {
                "buckets": null,
                "mode": "time",
                "name": null,
                "show": true,
                "values": []
            },
            "yaxes": [
                {
                    "decimals": 0,
                    "format": "percent",
                    "label": null,
                    "logBase": 1,
                    "max": "100",
                    "min": "0",
                    "show": true
                },
                {
                    "format": "short",
                    "label": null,
                    "logBase": 1,
                    "max": null,
                    "min": null,
                    "show": false
                }
            ],
            "yaxis": {
                "align": false,
                "alignLevel": null
            }
        },
        {
            "alert": {
                "alertRuleTags": {},
                "conditions": [
                    {
                        "evaluator": {
                            "params": [
                                5
                            ],
                            "type": "gt"
                        },
                        "operator": {
                            "type": "and"
                        },
                        "query": {
                            "params": [
                                "A",
                                "45m",
                                "now"
                            ]
                        },
                        "reducer": {
                            "params": [],
                            "type": "max"
                        },
                        "type": "query"
                    }
                ],
                "executionErrorState": "alerting",
                "for": "0m",
                "frequency": "5m",
                "handler": 1,
                "message": "Count of critical errors exceeded the norm!",
                "name": "Critical errors by tenants",
                "noDataState": "ok",
                "notifications": [
                    {
                        "uid": "_V_i7I4Wz"
                    },
                    {
                        "uid": "TqbAdI4Zk"
                    },
                    {
                        "uid": "kXcDz1QZz"
                    },
                    {
                        "uid": "YlX072rWk"
                    },
                    {
                        "uid": "aO01MSgMk"
                    }
                ]
            },
            "bars": false,
            "dashLength": 10,
            "dashes": false,
            "datasource": null,
            "decimals": 0,
            "fill": 0,
            "fillGradient": 0,
            "gridPos": {
                "h": 7,
                "w": 13,
                "x": 11,
                "y": 0
            },
            "hiddenSeries": false,
            "hideTimeOverride": false,
            "id": 2,
            "interval": "5m",
            "legend": {
                "alignAsTable": true,
                "avg": false,
                "current": false,
                "hideEmpty": true,
                "hideZero": false,
                "max": true,
                "min": false,
                "rightSide": true,
                "show": true,
                "sideWidth": null,
                "sort": "total",
                "sortDesc": true,
                "total": false,
                "values": true
            },
            "lines": true,
            "linewidth": 2,
            "links": [],
            "nullPointMode": "connected",
            "options": {
                "dataLinks": []
            },
            "paceLength": 10,
            "percentage": false,
            "pointradius": 5,
            "points": false,
            "renderer": "flot",
            "seriesOverrides": [],
            "spaceLength": 10,
            "stack": false,
            "steppedLine": false,
            "targets": [
                {
                    "alias": "System name: {{fields.rx_server}} | Tenant: {{tenant}} | Service: {{serviceName}}",
                    "bucketAggs": [
                        {
                            "fake": true,
                            "field": "fields.rx_server",
                            "id": "4",
                            "settings": {
                                "min_doc_count": 1,
                                "order": "desc",
                                "orderBy": "_term",
                                "size": "10"
                            },
                            "type": "terms"
                        },
                        {
                            "fake": true,
                            "field": "tenant",
                            "id": "5",
                            "settings": {
                                "min_doc_count": 1,
                                "order": "desc",
                                "orderBy": "_term",
                                "size": "10"
                            },
                            "type": "terms"
                        },
                        {
                            "fake": true,
                            "field": "serviceName",
                            "id": "6",
                            "settings": {
                                "min_doc_count": 1,
                                "order": "desc",
                                "orderBy": "_term",
                                "size": "10"
                            },
                            "type": "terms"
                        },
                        {
                            "fake": true,
                            "field": "@timestamp",
                            "id": "3",
                            "settings": {
                                "interval": "auto",
                                "min_doc_count": 0,
                                "trimEdges": 0
                            },
                            "type": "date_histogram"
                        }
                    ],
                    "metrics": [
                        {
                            "field": "select field",
                            "id": "1",
                            "type": "count"
                        }
                    ],
                    "query": "logLevel: Error AND exceptionType: \"critical\"",
                    "refId": "A",
                    "timeField": "@timestamp"
                }
            ],
            "thresholds": [
                {
                    "colorMode": "critical",
                    "fill": true,
                    "line": true,
                    "op": "gt",
                    "value": 5
                }
            ],
            "timeFrom": null,
            "timeRegions": [],
            "timeShift": null,
            "title": "Alert. Critical services errors",
            "tooltip": {
                "shared": true,
                "sort": 0,
                "value_type": "individual"
            },
            "transparent": true,
            "type": "graph",
            "xaxis": {
                "buckets": null,
                "mode": "time",
                "name": null,
                "show": true,
                "values": []
            },
            "yaxes": [
                {
                    "decimals": 0,
                    "format": "none",
                    "label": null,
                    "logBase": 1,
                    "max": null,
                    "min": "0",
                    "show": true
                },
                {
                    "format": "short",
                    "label": null,
                    "logBase": 1,
                    "max": null,
                    "min": null,
                    "show": false
                }
            ],
            "yaxis": {
                "align": false,
                "alignLevel": null
            }
        }
    ],
    "schemaVersion": 22,
    "style": "dark",
    "tags": [
        "Alerts"
    ],
    "templating": {
        "list": []
    },
    "time": {
        "from": "now-24h",
        "to": "now"
    },
    "timepicker": {
        "refresh_intervals": [
            "5s",
            "10s",
            "30s",
            "1m",
            "5m",
            "15m",
            "30m",
            "1h",
            "2h",
            "1d"
        ],
        "time_options": [
            "5m",
            "15m",
            "1h",
            "6h",
            "12h",
            "24h",
            "2d",
            "7d",
            "30d"
        ]
    },
    "timezone": "",
    "title": "Availability Of Monitoring Services And Errors",
    "uid": "TiVyqMNZz",
    "version": null
}
