{
    "annotations": {
        "list": [
            {
                "builtIn": 1,
                "datasource": "-- Grafana --",
                "enable": true,
                "hide": true,
                "iconColor": "rgba(0, 211, 255, 1)",
                "name": "Annotations & Alerts",
                "type": "dashboard"
            }
        ]
    },
    "editable": true,
    "gnetId": null,
    "graphTooltip": 0,
    "id": null,
    "iteration": 1592898424370,
    "links": [
        {
            "asDropdown": true,
            "icon": "external link",
            "keepTime": true,
            "tags": [
                "DirectumRX"
            ],
            "targetBlank": false,
            "title": "DirectumRX",
            "type": "dashboards"
        },
        {
            "asDropdown": true,
            "icon": "external link",
            "keepTime": true,
            "tags": [
                "Hardware"
            ],
            "targetBlank": false,
            "title": "Hardware",
            "type": "dashboards"
        },
        {
            "asDropdown": true,
            "icon": "external link",
            "keepTime": true,
            "tags": [
                "Statistic"
            ],
            "targetBlank": false,
            "title": "Statistic",
            "type": "dashboards"
        }
    ],
    "panels": [
        {
            "aliasColors": {
                "Unique Count user": "blue"
            },
            "bars": false,
            "dashLength": 10,
            "dashes": false,
            "datasource": null,
            "decimals": 0,
            "fill": 1,
            "fillGradient": 7,
            "gridPos": {
                "h": 11,
                "w": 17,
                "x": 0,
                "y": 0
            },
            "hiddenSeries": false,
            "id": 6,
            "interval": "2m",
            "legend": {
                "alignAsTable": true,
                "avg": false,
                "current": false,
                "hideEmpty": true,
                "hideZero": true,
                "max": true,
                "min": false,
                "rightSide": true,
                "show": true,
                "total": false,
                "values": true
            },
            "lines": true,
            "linewidth": 1,
            "nullPointMode": "connected",
            "options": {
                "dataLinks": []
            },
            "percentage": false,
            "pointradius": 2,
            "points": false,
            "renderer": "flot",
            "seriesOverrides": [],
            "spaceLength": 10,
            "stack": false,
            "steppedLine": false,
            "targets": [
                {
                    "alias": "Web Server",
                    "bucketAggs": [
                        {
                            "field": "@timestamp",
                            "id": "2",
                            "settings": {
                                "interval": "auto",
                                "min_doc_count": 0,
                                "trimEdges": 0
                            },
                            "type": "date_histogram"
                        }
                    ],
                    "metrics": [
                        {
                            "field": "user",
                            "id": "1",
                            "meta": {},
                            "settings": {},
                            "type": "cardinality"
                        }
                    ],
                    "query": "serviceName : \"WebServer\" AND NOT user: \"unknown\"",
                    "refId": "A",
                    "timeField": "@timestamp"
                },
                {
                    "alias": "Sungero Server",
                    "bucketAggs": [
                        {
                            "field": "@timestamp",
                            "id": "2",
                            "settings": {
                                "interval": "auto",
                                "min_doc_count": 0,
                                "trimEdges": 0
                            },
                            "type": "date_histogram"
                        }
                    ],
                    "metrics": [
                        {
                            "field": "user",
                            "id": "1",
                            "meta": {},
                            "settings": {},
                            "type": "cardinality"
                        }
                    ],
                    "query": "serviceName : \"SungeroServer\" AND NOT user: \"unknown\"",
                    "refId": "B",
                    "timeField": "@timestamp"
                },
                {
                    "alias": "Nomad",
                    "bucketAggs": [
                        {
                            "field": "@timestamp",
                            "id": "2",
                            "settings": {
                                "interval": "5m",
                                "min_doc_count": 0,
                                "trimEdges": 0
                            },
                            "type": "date_histogram"
                        }
                    ],
                    "metrics": [
                        {
                            "field": "user",
                            "id": "1",
                            "meta": {},
                            "settings": {},
                            "type": "cardinality"
                        }
                    ],
                    "query": "serviceName : \"Nomad\" AND NOT user: \"unknown\"",
                    "refId": "C",
                    "timeField": "@timestamp"
                }
            ],
            "thresholds": [],
            "timeFrom": null,
            "timeRegions": [],
            "timeShift": null,
            "title": "Active users count",
            "tooltip": {
                "shared": true,
                "sort": 0,
                "value_type": "individual"
            },
            "type": "graph",
            "xaxis": {
                "buckets": null,
                "mode": "time",
                "name": null,
                "show": true,
                "values": []
            },
            "yaxes": [
                {
                    "decimals": 0,
                    "format": "none",
                    "label": null,
                    "logBase": 1,
                    "max": null,
                    "min": "0",
                    "show": true
                },
                {
                    "format": "short",
                    "label": null,
                    "logBase": 1,
                    "max": null,
                    "min": null,
                    "show": false
                }
            ],
            "yaxis": {
                "align": false,
                "alignLevel": null
            }
        },
        {
            "columns": [],
            "datasource": null,
            "fontSize": "100%",
            "gridPos": {
                "h": 22,
                "w": 7,
                "x": 17,
                "y": 0
            },
            "hideTimeOverride": false,
            "id": 2,
            "interval": "2m",
            "options": {},
            "pageSize": 20,
            "showHeader": true,
            "sort": {
                "col": 1,
                "desc": true
            },
            "styles": [
                {
                    "alias": "User",
                    "align": "auto",
                    "dateFormat": "YYYY-MM-DD HH:mm:ss",
                    "pattern": "user",
                    "type": "string"
                },
                {
                    "alias": "~Activity count",
                    "align": "",
                    "colorMode": null,
                    "colors": [
                        "rgba(245, 54, 54, 0.9)",
                        "rgba(237, 129, 40, 0.89)",
                        "rgba(50, 172, 45, 0.97)"
                    ],
                    "decimals": 0,
                    "pattern": "Count",
                    "thresholds": [],
                    "type": "hidden",
                    "unit": "none"
                }
            ],
            "targets": [
                {
                    "alias": "",
                    "bucketAggs": [
                        {
                            "field": "user",
                            "id": "2",
                            "settings": {
                                "min_doc_count": 1,
                                "order": "desc",
                                "orderBy": "_count",
                                "size": "0"
                            },
                            "type": "terms"
                        }
                    ],
                    "metrics": [
                        {
                            "field": "select field",
                            "id": "1",
                            "type": "count"
                        }
                    ],
                    "query": "serviceName : $Client AND NOT user: \"unknown\"",
                    "refId": "A",
                    "timeField": "@timestamp"
                }
            ],
            "timeFrom": null,
            "timeShift": null,
            "title": "$Client. Active users",
            "transform": "table",
            "type": "table"
        },
        {
            "aliasColors": {
                "Nomad": "rgb(110, 208, 224)",
                "SungeroServer": "rgb(234, 184, 57)",
                "Unique Count user": "blue",
                "WebServer": "rgb(126, 178, 109)",
                "~Users": "light-yellow"
            },
            "bars": true,
            "dashLength": 10,
            "dashes": false,
            "datasource": null,
            "decimals": 0,
            "fill": 1,
            "fillGradient": 7,
            "gridPos": {
                "h": 11,
                "w": 17,
                "x": 0,
                "y": 11
            },
            "hiddenSeries": false,
            "id": 8,
            "interval": "1d",
            "legend": {
                "alignAsTable": true,
                "avg": false,
                "current": false,
                "hideEmpty": true,
                "hideZero": true,
                "max": true,
                "min": false,
                "rightSide": true,
                "show": true,
                "total": false,
                "values": true
            },
            "lines": false,
            "linewidth": 1,
            "nullPointMode": "connected",
            "options": {
                "dataLinks": []
            },
            "percentage": false,
            "pointradius": 2,
            "points": false,
            "renderer": "flot",
            "seriesOverrides": [],
            "spaceLength": 10,
            "stack": false,
            "steppedLine": false,
            "targets": [
                {
                    "alias": "Users",
                    "bucketAggs": [
                        {
                            "field": "@timestamp",
                            "id": "2",
                            "settings": {
                                "interval": "auto",
                                "min_doc_count": 0,
                                "trimEdges": 0
                            },
                            "type": "date_histogram"
                        }
                    ],
                    "metrics": [
                        {
                            "field": "user",
                            "id": "1",
                            "meta": {},
                            "settings": {},
                            "type": "cardinality"
                        }
                    ],
                    "query": "serviceName : $Client AND NOT user: \"unknown\"",
                    "refId": "A",
                    "timeField": "@timestamp"
                }
            ],
            "thresholds": [],
            "timeFrom": "1M",
            "timeRegions": [],
            "timeShift": null,
            "title": "$Client. Unique users",
            "tooltip": {
                "shared": false,
                "sort": 0,
                "value_type": "individual"
            },
            "type": "graph",
            "xaxis": {
                "buckets": null,
                "mode": "time",
                "name": null,
                "show": true,
                "values": []
            },
            "yaxes": [
                {
                    "decimals": 0,
                    "format": "none",
                    "label": null,
                    "logBase": 1,
                    "max": null,
                    "min": "0",
                    "show": true
                },
                {
                    "format": "short",
                    "label": null,
                    "logBase": 1,
                    "max": null,
                    "min": null,
                    "show": false
                }
            ],
            "yaxis": {
                "align": false,
                "alignLevel": null
            }
        }
    ],
    "refresh": false,
    "schemaVersion": 22,
    "style": "dark",
    "tags": [
        "Statistic"
    ],
    "templating": {
        "list": [
            {
                "allValue": null,
                "current": {
                    "selected": false,
                    "tags": [],
                    "text": "All",
                    "value": [
                        "$__all"
                    ]
                },
                "datasource": "RX-log",
                "definition": "{\"find\":\"terms\",\"field\":\"serviceName\"}",
                "hide": 0,
                "includeAll": true,
                "label": "Client",
                "multi": true,
                "name": "Client",
                "options": [
                    {
                        "selected": true,
                        "text": "All",
                        "value": "$__all"
                    },
                    {
                        "selected": false,
                        "text": "Nomad",
                        "value": "Nomad"
                    },
                    {
                        "selected": false,
                        "text": "SungeroServer",
                        "value": "SungeroServer"
                    },
                    {
                        "selected": false,
                        "text": "WebServer",
                        "value": "WebServer"
                    }
                ],
                "query": "{\"find\":\"terms\",\"field\":\"serviceName\"}",
                "refresh": 0,
                "regex": "(SungeroServer|WebServer|Nomad)",
                "skipUrlSync": false,
                "sort": 0,
                "tagValuesQuery": "",
                "tags": [],
                "tagsQuery": "",
                "type": "query",
                "useTags": false
            }
        ]
    },
    "time": {
        "from": "now-24h",
        "to": "now"
    },
    "timepicker": {
        "refresh_intervals": [
            "5s",
            "10s",
            "30s",
            "1m",
            "2m",
            "5m",
            "15m",
            "30m",
            "1h",
            "2h",
            "1d"
        ]
    },
    "timezone": "",
    "title": "Users Activity",
    "uid": "kUhiLWqWz",
    "version": null
}
