{
    "annotations": {
        "list": [
            {
                "builtIn": 1,
                "datasource": "-- Grafana --",
                "enable": true,
                "hide": true,
                "iconColor": "rgba(0, 211, 255, 1)",
                "name": "Annotations & Alerts",
                "type": "dashboard"
            }
        ]
    },
    "editable": true,
    "gnetId": null,
    "graphTooltip": 0,
    "id": null,
    "iteration": 1591866163280,
    "links": [
        {
            "asDropdown": true,
            "icon": "external link",
            "includeVars": false,
            "keepTime": true,
            "tags": [
                "DirectumRX"
            ],
            "targetBlank": false,
            "title": "DirectumRX",
            "type": "dashboards"
        },
        {
            "asDropdown": true,
            "icon": "external link",
            "keepTime": true,
            "tags": [
                "Hardware"
            ],
            "targetBlank": false,
            "title": "Hardware",
            "type": "dashboards"
        },
        {
            "asDropdown": true,
            "icon": "external link",
            "keepTime": true,
            "tags": [
                "Statistic"
            ],
            "targetBlank": false,
            "title": "Statistic",
            "type": "dashboards"
        }
    ],
    "panels": [
        {
            "columns": [],
            "datasource": null,
            "fontSize": "100%",
            "gridPos": {
                "h": 8,
                "w": 4,
                "x": 0,
                "y": 0
            },
            "id": 10,
            "links": [],
            "options": {},
            "pageSize": null,
            "scroll": true,
            "showHeader": true,
            "sort": {
                "col": 1,
                "desc": true
            },
            "styles": [
                {
                    "alias": "User",
                    "align": "auto",
                    "colorMode": null,
                    "dateFormat": "YYYY-MM-DD HH:mm:ss",
                    "mappingType": 1,
                    "pattern": "user",
                    "type": "string"
                },
                {
                    "alias": "",
                    "align": "auto",
                    "colorMode": null,
                    "colors": [
                        "rgba(245, 54, 54, 0.9)",
                        "rgba(237, 129, 40, 0.89)",
                        "rgba(50, 172, 45, 0.97)"
                    ],
                    "decimals": 0,
                    "pattern": "/.*/",
                    "thresholds": [],
                    "type": "number",
                    "unit": "short"
                }
            ],
            "targets": [
                {
                    "bucketAggs": [
                        {
                            "fake": true,
                            "field": "user",
                            "id": "3",
                            "settings": {
                                "min_doc_count": 1,
                                "missing": "Empty",
                                "order": "asc",
                                "orderBy": "_count",
                                "size": "0"
                            },
                            "type": "terms"
                        }
                    ],
                    "metrics": [
                        {
                            "field": "select field",
                            "id": "1",
                            "type": "count"
                        }
                    ],
                    "query": "logLevel: \"Info\" AND serviceName: \"$serviceName\" AND infoType: \"widget\"",
                    "refId": "A",
                    "timeField": "@timestamp"
                }
            ],
            "timeFrom": null,
            "timeShift": null,
            "title": "Users",
            "transform": "table",
            "type": "table"
        },
        {
            "columns": [],
            "datasource": null,
            "fontSize": "100%",
            "gridPos": {
                "h": 8,
                "w": 8,
                "x": 4,
                "y": 0
            },
            "id": 4,
            "links": [],
            "options": {},
            "pageSize": null,
            "scroll": true,
            "showHeader": true,
            "sort": {
                "col": 2,
                "desc": true
            },
            "styles": [
                {
                    "alias": "Time",
                    "align": "auto",
                    "dateFormat": "YYYY-MM-DD HH:mm:ss",
                    "pattern": "Time",
                    "type": "date"
                },
                {
                    "alias": "Count",
                    "align": "auto",
                    "colorMode": null,
                    "colors": [
                        "rgba(245, 54, 54, 0.9)",
                        "rgba(237, 129, 40, 0.89)",
                        "rgba(50, 172, 45, 0.97)"
                    ],
                    "dateFormat": "YYYY-MM-DD HH:mm:ss",
                    "decimals": 0,
                    "mappingType": 1,
                    "pattern": "Count",
                    "thresholds": [],
                    "type": "number",
                    "unit": "short"
                },
                {
                    "alias": "Action",
                    "align": "auto",
                    "colorMode": null,
                    "colors": [
                        "rgba(245, 54, 54, 0.9)",
                        "rgba(237, 129, 40, 0.89)",
                        "rgba(50, 172, 45, 0.97)"
                    ],
                    "dateFormat": "YYYY-MM-DD HH:mm:ss",
                    "decimals": 2,
                    "mappingType": 1,
                    "pattern": "widgetAction",
                    "thresholds": [],
                    "type": "string",
                    "unit": "short"
                },
                {
                    "alias": "User",
                    "align": "auto",
                    "colorMode": null,
                    "colors": [
                        "rgba(245, 54, 54, 0.9)",
                        "rgba(237, 129, 40, 0.89)",
                        "rgba(50, 172, 45, 0.97)"
                    ],
                    "dateFormat": "YYYY-MM-DD HH:mm:ss",
                    "decimals": 2,
                    "mappingType": 1,
                    "pattern": "user",
                    "thresholds": [],
                    "type": "number",
                    "unit": "short"
                }
            ],
            "targets": [
                {
                    "bucketAggs": [
                        {
                            "fake": true,
                            "field": "widgetAction",
                            "id": "5",
                            "settings": {
                                "min_doc_count": 1,
                                "order": "desc",
                                "orderBy": "_term",
                                "size": "0"
                            },
                            "type": "terms"
                        }
                    ],
                    "metrics": [
                        {
                            "field": "select field",
                            "id": "4",
                            "meta": {},
                            "settings": {},
                            "type": "count"
                        }
                    ],
                    "query": "logLevel: \"Info\" AND serviceName: \"$serviceName\" AND infoType: \"widget\"",
                    "refId": "A",
                    "timeField": "@timestamp"
                }
            ],
            "timeFrom": null,
            "timeShift": null,
            "title": " Widget usage statistics",
            "transform": "table",
            "type": "table"
        },
        {
            "aliasColors": {},
            "breakPoint": "50%",
            "cacheTimeout": null,
            "combine": {
                "label": "Others",
                "threshold": 0
            },
            "datasource": null,
            "decimals": 0,
            "fontSize": "80%",
            "format": "short",
            "gridPos": {
                "h": 8,
                "w": 6,
                "x": 12,
                "y": 0
            },
            "id": 6,
            "interval": null,
            "legend": {
                "show": true,
                "sideWidth": 150,
                "values": true
            },
            "legendType": "Right side",
            "links": [],
            "maxDataPoints": 3,
            "nullPointMode": "connected",
            "options": {},
            "pieType": "pie",
            "strokeWidth": 1,
            "targets": [
                {
                    "bucketAggs": [
                        {
                            "fake": true,
                            "field": "widget",
                            "id": "3",
                            "settings": {
                                "min_doc_count": 1,
                                "missing": "Empty",
                                "order": "desc",
                                "orderBy": "_count",
                                "size": "0"
                            },
                            "type": "terms"
                        },
                        {
                            "field": "@timestamp",
                            "id": "2",
                            "settings": {
                                "interval": "auto",
                                "min_doc_count": 0,
                                "trimEdges": 0
                            },
                            "type": "date_histogram"
                        }
                    ],
                    "metrics": [
                        {
                            "field": "select field",
                            "id": "1",
                            "type": "count"
                        }
                    ],
                    "query": "logLevel: \"Info\" AND serviceName: \"$serviceName\" AND infoType: \"widget\"",
                    "refId": "A",
                    "timeField": "@timestamp"
                }
            ],
            "timeFrom": null,
            "timeShift": null,
            "title": "Often-used widgets",
            "type": "grafana-piechart-panel",
            "valueName": "max"
        },
        {
            "columns": [],
            "datasource": null,
            "fontSize": "100%",
            "gridPos": {
                "h": 8,
                "w": 6,
                "x": 18,
                "y": 0
            },
            "id": 8,
            "links": [],
            "options": {},
            "pageSize": null,
            "scroll": true,
            "showHeader": true,
            "sort": {
                "col": null,
                "desc": false
            },
            "styles": [
                {
                    "alias": "Time",
                    "align": "auto",
                    "dateFormat": "YYYY-MM-DD HH:mm:ss",
                    "pattern": "Time",
                    "type": "date"
                },
                {
                    "alias": "Operation name",
                    "align": "auto",
                    "colorMode": null,
                    "colors": [
                        "rgba(245, 54, 54, 0.9)",
                        "rgba(237, 129, 40, 0.89)",
                        "rgba(50, 172, 45, 0.97)"
                    ],
                    "decimals": 2,
                    "mappingType": 1,
                    "pattern": "widgetOperation",
                    "thresholds": [],
                    "type": "string",
                    "unit": "short",
                    "valueMaps": [
                        {
                            "text": "",
                            "value": ""
                        }
                    ]
                }
            ],
            "targets": [
                {
                    "bucketAggs": [
                        {
                            "fake": true,
                            "field": "widgetOperation",
                            "id": "4",
                            "settings": {
                                "min_doc_count": 1,
                                "order": "desc",
                                "orderBy": "_term",
                                "size": "10"
                            },
                            "type": "terms"
                        }
                    ],
                    "metrics": [
                        {
                            "field": "select field",
                            "id": "1",
                            "type": "count"
                        }
                    ],
                    "query": "logLevel: \"Info\" AND serviceName: \"$serviceName\" AND infoType: \"widget\"",
                    "refId": "B",
                    "timeField": "@timestamp"
                }
            ],
            "timeFrom": null,
            "timeShift": null,
            "title": "Operations",
            "transform": "table",
            "type": "table"
        },
        {
            "columns": [],
            "datasource": null,
            "fontSize": "100%",
            "gridPos": {
                "h": 8,
                "w": 24,
                "x": 0,
                "y": 8
            },
            "id": 12,
            "links": [],
            "options": {},
            "pageSize": null,
            "scroll": true,
            "showHeader": true,
            "sort": {
                "col": 2,
                "desc": true
            },
            "styles": [
                {
                    "alias": "Time",
                    "align": "auto",
                    "dateFormat": "YYYY-MM-DD HH:mm:ss",
                    "pattern": "Time",
                    "type": "date"
                },
                {
                    "alias": "Count",
                    "align": "auto",
                    "colorMode": null,
                    "colors": [
                        "rgba(245, 54, 54, 0.9)",
                        "rgba(237, 129, 40, 0.89)",
                        "rgba(50, 172, 45, 0.97)"
                    ],
                    "dateFormat": "YYYY-MM-DD HH:mm:ss",
                    "decimals": 0,
                    "mappingType": 1,
                    "pattern": "Count",
                    "thresholds": [],
                    "type": "number",
                    "unit": "short"
                },
                {
                    "alias": " Widget",
                    "align": "auto",
                    "colorMode": null,
                    "colors": [
                        "rgba(245, 54, 54, 0.9)",
                        "rgba(237, 129, 40, 0.89)",
                        "rgba(50, 172, 45, 0.97)"
                    ],
                    "dateFormat": "YYYY-MM-DD HH:mm:ss",
                    "decimals": 2,
                    "mappingType": 1,
                    "pattern": "widget",
                    "sanitize": false,
                    "thresholds": [],
                    "type": "string",
                    "unit": "short",
                    "valueMaps": []
                },
                {
                    "alias": "User",
                    "align": "auto",
                    "colorMode": null,
                    "colors": [
                        "rgba(245, 54, 54, 0.9)",
                        "rgba(237, 129, 40, 0.89)",
                        "rgba(50, 172, 45, 0.97)"
                    ],
                    "dateFormat": "YYYY-MM-DD HH:mm:ss",
                    "decimals": 2,
                    "mappingType": 1,
                    "pattern": "user",
                    "thresholds": [],
                    "type": "number",
                    "unit": "short"
                }
            ],
            "targets": [
                {
                    "bucketAggs": [
                        {
                            "fake": true,
                            "field": "widget",
                            "id": "6",
                            "settings": {
                                "min_doc_count": 1,
                                "order": "desc",
                                "orderBy": "_term",
                                "size": "0"
                            },
                            "type": "terms"
                        }
                    ],
                    "metrics": [
                        {
                            "field": "select field",
                            "id": "7",
                            "type": "count"
                        }
                    ],
                    "query": "logLevel: \"Info\" AND serviceName: \"$serviceName\" AND infoType: \"widget\"",
                    "refId": "A",
                    "timeField": "@timestamp"
                }
            ],
            "timeFrom": null,
            "timeShift": null,
            "title": " Widget usage statistics",
            "transform": "table",
            "type": "table"
        },
        {
            "columns": [
                {
                    "text": "@timestamp",
                    "value": "@timestamp"
                },
                {
                    "text": "user",
                    "value": "user"
                },
                {
                    "text": "widget",
                    "value": "widget"
                },
                {
                    "text": "widgetSpecificationType",
                    "value": "widgetSpecificationType"
                }
            ],
            "datasource": null,
            "fontSize": "100%",
            "gridPos": {
                "h": 6,
                "w": 24,
                "x": 0,
                "y": 16
            },
            "id": 16,
            "links": [],
            "options": {},
            "pageSize": null,
            "scroll": true,
            "showHeader": true,
            "sort": {
                "col": 0,
                "desc": true
            },
            "styles": [
                {
                    "alias": "Date",
                    "align": "auto",
                    "dateFormat": "YYYY-MM-DD HH:mm:ss",
                    "pattern": "@timestamp",
                    "type": "date"
                },
                {
                    "alias": "User",
                    "align": "auto",
                    "colorMode": null,
                    "colors": [
                        "rgba(245, 54, 54, 0.9)",
                        "rgba(237, 129, 40, 0.89)",
                        "rgba(50, 172, 45, 0.97)"
                    ],
                    "decimals": 2,
                    "mappingType": 1,
                    "pattern": "user",
                    "thresholds": [],
                    "type": "string",
                    "unit": "short"
                },
                {
                    "alias": " Widget",
                    "align": "auto",
                    "colorMode": null,
                    "colors": [
                        "rgba(245, 54, 54, 0.9)",
                        "rgba(237, 129, 40, 0.89)",
                        "rgba(50, 172, 45, 0.97)"
                    ],
                    "dateFormat": "YYYY-MM-DD HH:mm:ss",
                    "decimals": 2,
                    "mappingType": 1,
                    "pattern": "widget",
                    "thresholds": [],
                    "type": "string",
                    "unit": "short"
                },
                {
                    "alias": "Widget specification",
                    "align": "auto",
                    "colorMode": null,
                    "colors": [
                        "rgba(245, 54, 54, 0.9)",
                        "rgba(237, 129, 40, 0.89)",
                        "rgba(50, 172, 45, 0.97)"
                    ],
                    "dateFormat": "YYYY-MM-DD HH:mm:ss",
                    "decimals": 2,
                    "mappingType": 1,
                    "pattern": "widgetSpecificationType",
                    "thresholds": [],
                    "type": "string",
                    "unit": "short"
                }
            ],
            "targets": [
                {
                    "bucketAggs": [],
                    "metrics": [
                        {
                            "field": "select field",
                            "id": "1",
                            "meta": {},
                            "settings": {
                                "size": 500
                            },
                            "type": "raw_document"
                        }
                    ],
                    "query": "logLevel: \"Info\" AND serviceName: \"$serviceName\" AND infoType: \"widget\"",
                    "refId": "A",
                    "timeField": "@timestamp"
                }
            ],
            "timeFrom": null,
            "timeShift": null,
            "title": "Widget specifications",
            "transform": "json",
            "type": "table"
        }
    ],
    "refresh": false,
    "schemaVersion": 22,
    "style": "dark",
    "tags": [
        "Statistic"
    ],
    "templating": {
        "list": [
            {
                "current": {
                    "text": "SungeroClient",
                    "value": "SungeroClient"
                },
                "hide": 2,
                "label": null,
                "name": "serviceName",
                "options": [
                    {
                        "selected": true,
                        "text": "SungeroClient",
                        "value": "SungeroClient"
                    }
                ],
                "query": "SungeroClient",
                "skipUrlSync": false,
                "type": "constant"
            },
            {
                "current": {
                    "text": "default",
                    "value": "default"
                },
                "hide": 2,
                "includeAll": false,
                "label": "DataSource",
                "multi": false,
                "name": "DataSource",
                "options": [],
                "query": "elasticsearch",
                "refresh": 1,
                "regex": "default",
                "skipUrlSync": false,
                "type": "datasource"
            }
        ]
    },
    "time": {
        "from": "now-24h",
        "to": "now"
    },
    "timepicker": {
        "refresh_intervals": [
            "5s",
            "10s",
            "30s",
            "1m",
            "5m",
            "15m",
            "30m",
            "1h",
            "2h",
            "1d"
        ],
        "time_options": [
            "5m",
            "15m",
            "1h",
            "6h",
            "12h",
            "24h",
            "2d",
            "7d",
            "30d"
        ]
    },
    "timezone": "",
    "title": "Widgets",
    "uid": "Fvqi6Jemk",
    "version": null
}
