{
    "annotations": {
        "list": [
            {
                "builtIn": 1,
                "datasource": "-- Grafana --",
                "enable": true,
                "hide": true,
                "iconColor": "rgba(0, 211, 255, 1)",
                "name": "Annotations & Alerts",
                "type": "dashboard"
            },
            {
                "datasource": "RX-log",
                "enable": true,
                "hide": false,
                "iconColor": "rgba(255, 96, 96, 1)",
                "limit": 100,
                "name": "Deploy",
                "query": "serviceName: \"SungeroServer\" AND message: \"*ms (Deploy, started*\"",
                "showIn": 0,
                "tags": [],
                "textField": "Deploy",
                "timeField": "@timestamp",
                "type": "tags"
            }
        ]
    },
    "editable": true,
    "gnetId": null,
    "graphTooltip": 0,
    "id": null,
    "iteration": 1595513229962,
    "links": [
        {
            "asDropdown": true,
            "icon": "external link",
            "keepTime": true,
            "tags": [
                "DirectumRX"
            ],
            "targetBlank": false,
            "title": "DirectumRX",
            "type": "dashboards"
        },
        {
            "asDropdown": true,
            "icon": "external link",
            "keepTime": true,
            "tags": [
                "Hardware"
            ],
            "targetBlank": false,
            "title": "Hardware",
            "type": "dashboards"
        },
        {
            "asDropdown": true,
            "icon": "external link",
            "keepTime": true,
            "tags": [
                "Statistic"
            ],
            "targetBlank": false,
            "title": "Statistic",
            "type": "dashboards"
        }
    ],
    "panels": [
        {
            "collapsed": false,
            "datasource": null,
            "gridPos": {
                "h": 1,
                "w": 24,
                "x": 0,
                "y": 0
            },
            "id": 44,
            "panels": [],
            "repeat": "cmdline",
            "scopedVars": {
                "cmdline": {
                    "selected": false,
                    "text": "DefaultAppPool",
                    "value": "DefaultAppPool"
                }
            },
            "title": "$HostName. w3wp.exe. $cmdline",
            "type": "row"
        },
        {
            "aliasColors": {
                "Virtual Bytes": "semi-dark-yellow",
                "Working Set": "semi-dark-green"
            },
            "bars": false,
            "dashLength": 10,
            "dashes": false,
            "datasource": "$Datasource",
            "fill": 1,
            "fillGradient": 0,
            "gridPos": {
                "h": 6,
                "w": 12,
                "x": 0,
                "y": 1
            },
            "hiddenSeries": false,
            "id": 73,
            "interval": "1m",
            "legend": {
                "avg": false,
                "current": false,
                "max": false,
                "min": false,
                "show": true,
                "total": false,
                "values": false
            },
            "lines": true,
            "linewidth": 1,
            "nullPointMode": "null",
            "options": {
                "dataLinks": []
            },
            "percentage": false,
            "pointradius": 2,
            "points": false,
            "renderer": "flot",
            "scopedVars": {
                "cmdline": {
                    "selected": false,
                    "text": "DefaultAppPool",
                    "value": "DefaultAppPool"
                }
            },
            "seriesOverrides": [],
            "spaceLength": 10,
            "stack": false,
            "steppedLine": false,
            "targets": [
                {
                    "alias": "Working Set",
                    "bucketAggs": [
                        {
                            "field": "@timestamp",
                            "id": "2",
                            "settings": {
                                "interval": "auto",
                                "min_doc_count": 0,
                                "trimEdges": 0
                            },
                            "type": "date_histogram"
                        }
                    ],
                    "hide": false,
                    "metrics": [
                        {
                            "field": "procstat.memory_rss",
                            "id": "1",
                            "meta": {},
                            "settings": {},
                            "type": "avg"
                        }
                    ],
                    "query": "tag.host: $HostName AND measurement_name: \"procstat\" AND tag.process_name: w3wp.exe AND tag.cmdline: $cmdline",
                    "refId": "A",
                    "timeField": "@timestamp"
                },
                {
                    "alias": "Virtual Bytes",
                    "bucketAggs": [
                        {
                            "field": "@timestamp",
                            "id": "2",
                            "settings": {
                                "interval": "auto",
                                "min_doc_count": 0,
                                "trimEdges": 0
                            },
                            "type": "date_histogram"
                        }
                    ],
                    "hide": false,
                    "metrics": [
                        {
                            "field": "procstat.memory_vms",
                            "id": "1",
                            "meta": {},
                            "settings": {},
                            "type": "avg"
                        }
                    ],
                    "query": "tag.host: $HostName AND measurement_name: procstat AND tag.process_name: w3wp.exe AND tag.cmdline: $cmdline",
                    "refId": "B",
                    "timeField": "@timestamp"
                }
            ],
            "thresholds": [],
            "timeFrom": null,
            "timeRegions": [],
            "timeShift": null,
            "title": "RAM",
            "tooltip": {
                "shared": true,
                "sort": 0,
                "value_type": "individual"
            },
            "type": "graph",
            "xaxis": {
                "buckets": null,
                "mode": "time",
                "name": null,
                "show": true,
                "values": []
            },
            "yaxes": [
                {
                    "decimals": 0,
                    "format": "decbytes",
                    "label": null,
                    "logBase": 1,
                    "max": null,
                    "min": "0",
                    "show": true
                },
                {
                    "format": "short",
                    "label": null,
                    "logBase": 1,
                    "max": null,
                    "min": null,
                    "show": true
                }
            ],
            "yaxis": {
                "align": false,
                "alignLevel": null
            }
        },
        {
            "aliasColors": {
                "% Processor Time": "light-purple",
                "cpu_usage": "dark-purple"
            },
            "bars": false,
            "dashLength": 10,
            "dashes": false,
            "datasource": "$Datasource",
            "description": "",
            "fill": 1,
            "fillGradient": 0,
            "gridPos": {
                "h": 6,
                "w": 12,
                "x": 12,
                "y": 1
            },
            "hiddenSeries": false,
            "id": 106,
            "interval": "1m",
            "legend": {
                "alignAsTable": false,
                "avg": false,
                "current": false,
                "max": false,
                "min": false,
                "rightSide": false,
                "show": true,
                "total": false,
                "values": false
            },
            "lines": true,
            "linewidth": 2,
            "links": [],
            "nullPointMode": "connected",
            "options": {
                "dataLinks": []
            },
            "percentage": false,
            "pointradius": 2,
            "points": false,
            "renderer": "flot",
            "scopedVars": {
                "cmdline": {
                    "selected": false,
                    "text": "DefaultAppPool",
                    "value": "DefaultAppPool"
                }
            },
            "seriesOverrides": [],
            "spaceLength": 10,
            "stack": false,
            "steppedLine": false,
            "targets": [
                {
                    "alias": "CPU usage",
                    "bucketAggs": [
                        {
                            "field": "@timestamp",
                            "id": "2",
                            "settings": {
                                "interval": "auto",
                                "min_doc_count": 0,
                                "trimEdges": 0
                            },
                            "type": "date_histogram"
                        }
                    ],
                    "metrics": [
                        {
                            "field": "procstat.cpu_usage",
                            "id": "1",
                            "meta": {},
                            "settings": {},
                            "type": "avg"
                        }
                    ],
                    "query": "tag.host: $HostName AND measurement_name: \"procstat\" AND tag.process_name: w3wp.exe AND tag.cmdline: $cmdline",
                    "refId": "A",
                    "timeField": "@timestamp"
                }
            ],
            "thresholds": [],
            "timeFrom": null,
            "timeRegions": [],
            "timeShift": null,
            "title": "CPU usage",
            "tooltip": {
                "shared": true,
                "sort": 0,
                "value_type": "individual"
            },
            "type": "graph",
            "xaxis": {
                "buckets": null,
                "mode": "time",
                "name": null,
                "show": true,
                "values": []
            },
            "yaxes": [
                {
                    "decimals": 1,
                    "format": "percent",
                    "label": null,
                    "logBase": 1,
                    "max": null,
                    "min": "0",
                    "show": true
                },
                {
                    "format": "short",
                    "label": null,
                    "logBase": 1,
                    "max": null,
                    "min": null,
                    "show": true
                }
            ],
            "yaxis": {
                "align": false,
                "alignLevel": null
            }
        },
        {
            "collapsed": true,
            "datasource": null,
            "gridPos": {
                "h": 1,
                "w": 24,
                "x": 0,
                "y": 7
            },
            "id": 4,
            "panels": [
                {
                    "aliasColors": {
                        "Virtual Bytes": "semi-dark-yellow",
                        "Working Set": "semi-dark-green"
                    },
                    "bars": false,
                    "dashLength": 10,
                    "dashes": false,
                    "datasource": "$Datasource",
                    "fill": 1,
                    "fillGradient": 0,
                    "gridPos": {
                        "h": 6,
                        "w": 12,
                        "x": 0,
                        "y": 2
                    },
                    "hiddenSeries": false,
                    "id": 2,
                    "interval": "1m",
                    "legend": {
                        "alignAsTable": false,
                        "avg": false,
                        "current": false,
                        "max": false,
                        "min": false,
                        "rightSide": false,
                        "show": true,
                        "total": false,
                        "values": false
                    },
                    "lines": true,
                    "linewidth": 1,
                    "links": [],
                    "nullPointMode": "connected",
                    "options": {
                        "dataLinks": []
                    },
                    "percentage": false,
                    "pointradius": 2,
                    "points": false,
                    "renderer": "flot",
                    "repeat": null,
                    "repeatDirection": "v",
                    "scopedVars": {
                        "processname": {
                            "selected": false,
                            "text": "win32sysinfo.exe",
                            "value": "win32sysinfo.exe"
                        }
                    },
                    "seriesOverrides": [],
                    "spaceLength": 10,
                    "stack": false,
                    "steppedLine": false,
                    "targets": [
                        {
                            "alias": "Working Set",
                            "bucketAggs": [
                                {
                                    "field": "@timestamp",
                                    "id": "2",
                                    "settings": {
                                        "interval": "auto",
                                        "min_doc_count": 0,
                                        "trimEdges": 0
                                    },
                                    "type": "date_histogram"
                                }
                            ],
                            "metrics": [
                                {
                                    "field": "procstat.memory_rss",
                                    "id": "1",
                                    "meta": {},
                                    "settings": {},
                                    "type": "avg"
                                }
                            ],
                            "query": "tag.host: $HostName AND measurement_name: procstat AND tag.process_name: $processname",
                            "refId": "A",
                            "timeField": "@timestamp"
                        },
                        {
                            "alias": "Virtual Bytes",
                            "bucketAggs": [
                                {
                                    "field": "@timestamp",
                                    "id": "2",
                                    "settings": {
                                        "interval": "auto",
                                        "min_doc_count": 0,
                                        "trimEdges": 0
                                    },
                                    "type": "date_histogram"
                                }
                            ],
                            "metrics": [
                                {
                                    "field": "procstat.memory_vms",
                                    "id": "1",
                                    "meta": {},
                                    "settings": {},
                                    "type": "avg"
                                }
                            ],
                            "query": "tag.host: $HostName AND measurement_name: procstat AND tag.process_name: $processname",
                            "refId": "B",
                            "timeField": "@timestamp"
                        }
                    ],
                    "thresholds": [],
                    "timeFrom": null,
                    "timeRegions": [],
                    "timeShift": null,
                    "title": "RAM",
                    "tooltip": {
                        "shared": true,
                        "sort": 0,
                        "value_type": "individual"
                    },
                    "type": "graph",
                    "xaxis": {
                        "buckets": null,
                        "mode": "time",
                        "name": null,
                        "show": true,
                        "values": []
                    },
                    "yaxes": [
                        {
                            "decimals": 0,
                            "format": "decbytes",
                            "label": null,
                            "logBase": 1,
                            "max": null,
                            "min": "0",
                            "show": true
                        },
                        {
                            "format": "short",
                            "label": null,
                            "logBase": 1,
                            "max": null,
                            "min": null,
                            "show": true
                        }
                    ],
                    "yaxis": {
                        "align": false,
                        "alignLevel": null
                    }
                },
                {
                    "aliasColors": {
                        "% Processor Time": "light-purple",
                        "cpu_usage": "dark-purple"
                    },
                    "bars": false,
                    "dashLength": 10,
                    "dashes": false,
                    "datasource": "$Datasource",
                    "description": "",
                    "fill": 1,
                    "fillGradient": 0,
                    "gridPos": {
                        "h": 6,
                        "w": 12,
                        "x": 12,
                        "y": 2
                    },
                    "hiddenSeries": false,
                    "id": 15,
                    "interval": "1m",
                    "legend": {
                        "alignAsTable": false,
                        "avg": false,
                        "current": false,
                        "max": false,
                        "min": false,
                        "rightSide": false,
                        "show": true,
                        "total": false,
                        "values": false
                    },
                    "lines": true,
                    "linewidth": 2,
                    "links": [],
                    "nullPointMode": "connected",
                    "options": {
                        "dataLinks": []
                    },
                    "percentage": false,
                    "pointradius": 2,
                    "points": false,
                    "renderer": "flot",
                    "scopedVars": {
                        "processname": {
                            "selected": false,
                            "text": "win32sysinfo.exe",
                            "value": "win32sysinfo.exe"
                        }
                    },
                    "seriesOverrides": [],
                    "spaceLength": 10,
                    "stack": false,
                    "steppedLine": false,
                    "targets": [
                        {
                            "alias": "CPU usage",
                            "bucketAggs": [
                                {
                                    "field": "@timestamp",
                                    "id": "2",
                                    "settings": {
                                        "interval": "auto",
                                        "min_doc_count": 0,
                                        "trimEdges": 0
                                    },
                                    "type": "date_histogram"
                                }
                            ],
                            "metrics": [
                                {
                                    "field": "procstat.cpu_usage",
                                    "id": "1",
                                    "meta": {},
                                    "settings": {},
                                    "type": "avg"
                                }
                            ],
                            "query": "tag.host: $HostName AND measurement_name: procstat AND tag.process_name: $processname",
                            "refId": "A",
                            "timeField": "@timestamp"
                        }
                    ],
                    "thresholds": [],
                    "timeFrom": null,
                    "timeRegions": [],
                    "timeShift": null,
                    "title": "CPU usage",
                    "tooltip": {
                        "shared": true,
                        "sort": 0,
                        "value_type": "individual"
                    },
                    "type": "graph",
                    "xaxis": {
                        "buckets": null,
                        "mode": "time",
                        "name": null,
                        "show": true,
                        "values": []
                    },
                    "yaxes": [
                        {
                            "decimals": 1,
                            "format": "percent",
                            "label": null,
                            "logBase": 1,
                            "max": null,
                            "min": "0",
                            "show": true
                        },
                        {
                            "format": "short",
                            "label": null,
                            "logBase": 1,
                            "max": null,
                            "min": null,
                            "show": true
                        }
                    ],
                    "yaxis": {
                        "align": false,
                        "alignLevel": null
                    }
                }
            ],
            "repeat": "processname",
            "title": "$HostName. $processname",
            "type": "row"
        },
        {
            "collapsed": false,
            "datasource": null,
            "gridPos": {
                "h": 1,
                "w": 24,
                "x": 0,
                "y": 8
            },
            "id": 117,
            "panels": [],
            "repeat": null,
            "title": "$HostName. erl.exe",
            "type": "row"
        },
        {
            "aliasColors": {
                "Virtual Bytes": "semi-dark-yellow",
                "Working Set": "semi-dark-green"
            },
            "bars": false,
            "dashLength": 10,
            "dashes": false,
            "datasource": "$Datasource",
            "fill": 1,
            "fillGradient": 0,
            "gridPos": {
                "h": 6,
                "w": 12,
                "x": 0,
                "y": 9
            },
            "hiddenSeries": false,
            "id": 125,
            "interval": "1m",
            "legend": {
                "avg": false,
                "current": false,
                "max": false,
                "min": false,
                "show": true,
                "total": false,
                "values": false
            },
            "lines": true,
            "linewidth": 1,
            "links": [
                {
                    "targetBlank": false,
                    "title": "RabbitMQ",
                    "url": "/d/DlM6Xtbmz/rabbitmq"
                }
            ],
            "nullPointMode": "null",
            "options": {
                "dataLinks": []
            },
            "percentage": false,
            "pointradius": 2,
            "points": false,
            "renderer": "flot",
            "seriesOverrides": [],
            "spaceLength": 10,
            "stack": false,
            "steppedLine": false,
            "targets": [
                {
                    "alias": "Working Set",
                    "bucketAggs": [
                        {
                            "field": "@timestamp",
                            "id": "2",
                            "settings": {
                                "interval": "auto",
                                "min_doc_count": 0,
                                "trimEdges": 0
                            },
                            "type": "date_histogram"
                        }
                    ],
                    "hide": false,
                    "metrics": [
                        {
                            "field": "procstat.memory_rss",
                            "id": "1",
                            "meta": {},
                            "settings": {},
                            "type": "avg"
                        }
                    ],
                    "query": "tag.host: $HostName AND measurement_name: \"procstat\" AND tag.process_name: erl.exe",
                    "refId": "A",
                    "timeField": "@timestamp"
                },
                {
                    "alias": "Virtual Bytes",
                    "bucketAggs": [
                        {
                            "field": "@timestamp",
                            "id": "2",
                            "settings": {
                                "interval": "auto",
                                "min_doc_count": 0,
                                "trimEdges": 0
                            },
                            "type": "date_histogram"
                        }
                    ],
                    "hide": false,
                    "metrics": [
                        {
                            "field": "procstat.memory_vms",
                            "id": "1",
                            "meta": {},
                            "settings": {},
                            "type": "avg"
                        }
                    ],
                    "query": "tag.host: $HostName AND measurement_name: procstat AND tag.process_name: erl.exe",
                    "refId": "B",
                    "timeField": "@timestamp"
                }
            ],
            "thresholds": [],
            "timeFrom": null,
            "timeRegions": [],
            "timeShift": null,
            "title": "RAM",
            "tooltip": {
                "shared": true,
                "sort": 0,
                "value_type": "individual"
            },
            "type": "graph",
            "xaxis": {
                "buckets": null,
                "mode": "time",
                "name": null,
                "show": true,
                "values": []
            },
            "yaxes": [
                {
                    "decimals": 0,
                    "format": "decbytes",
                    "label": null,
                    "logBase": 1,
                    "max": null,
                    "min": "0",
                    "show": true
                },
                {
                    "format": "short",
                    "label": null,
                    "logBase": 1,
                    "max": null,
                    "min": null,
                    "show": true
                }
            ],
            "yaxis": {
                "align": false,
                "alignLevel": null
            }
        },
        {
            "aliasColors": {
                "% Processor Time": "light-purple",
                "cpu_usage": "dark-purple"
            },
            "bars": false,
            "dashLength": 10,
            "dashes": false,
            "datasource": "$Datasource",
            "description": "",
            "fill": 1,
            "fillGradient": 0,
            "gridPos": {
                "h": 6,
                "w": 12,
                "x": 12,
                "y": 9
            },
            "hiddenSeries": false,
            "id": 127,
            "interval": "1m",
            "legend": {
                "alignAsTable": false,
                "avg": false,
                "current": false,
                "max": false,
                "min": false,
                "rightSide": false,
                "show": true,
                "total": false,
                "values": false
            },
            "lines": true,
            "linewidth": 2,
            "links": [
                {
                    "title": "RabbitMQ",
                    "url": "/d/DlM6Xtbmz/rabbitmq"
                }
            ],
            "nullPointMode": "connected",
            "options": {
                "dataLinks": []
            },
            "percentage": false,
            "pointradius": 2,
            "points": false,
            "renderer": "flot",
            "seriesOverrides": [],
            "spaceLength": 10,
            "stack": false,
            "steppedLine": false,
            "targets": [
                {
                    "alias": "CPU usage",
                    "bucketAggs": [
                        {
                            "field": "@timestamp",
                            "id": "2",
                            "settings": {
                                "interval": "auto",
                                "min_doc_count": 0,
                                "trimEdges": 0
                            },
                            "type": "date_histogram"
                        }
                    ],
                    "metrics": [
                        {
                            "field": "procstat.cpu_usage",
                            "id": "1",
                            "meta": {},
                            "settings": {},
                            "type": "avg"
                        }
                    ],
                    "query": "tag.host: $HostName AND measurement_name: \"procstat\" AND tag.process_name: erl.exe",
                    "refId": "A",
                    "timeField": "@timestamp"
                }
            ],
            "thresholds": [],
            "timeFrom": null,
            "timeRegions": [],
            "timeShift": null,
            "title": "CPU usage",
            "tooltip": {
                "shared": true,
                "sort": 0,
                "value_type": "individual"
            },
            "type": "graph",
            "xaxis": {
                "buckets": null,
                "mode": "time",
                "name": null,
                "show": true,
                "values": []
            },
            "yaxes": [
                {
                    "decimals": 1,
                    "format": "percent",
                    "label": null,
                    "logBase": 1,
                    "max": null,
                    "min": "0",
                    "show": true
                },
                {
                    "format": "short",
                    "label": null,
                    "logBase": 1,
                    "max": null,
                    "min": null,
                    "show": true
                }
            ],
            "yaxis": {
                "align": false,
                "alignLevel": null
            }
        }
    ],
    "refresh": "1m",
    "schemaVersion": 22,
    "style": "dark",
    "tags": [
        "Hardware"
    ],
    "templating": {
        "list": [
            {
                "allValue": null,
                "current": {
                    "selected": true,
                    "text": "",
                    "value": ""
                },
                "datasource": "$Datasource",
                "definition": "{\"find\":\"terms\",\"field\":\"tag.host\"}",
                "hide": 0,
                "includeAll": false,
                "label": "Host",
                "multi": false,
                "name": "HostName",
                "options": [],
                "query": "{\"find\":\"terms\",\"field\":\"tag.host\"}",
                "refresh": 2,
                "regex": "",
                "skipUrlSync": false,
                "sort": 0,
                "tagValuesQuery": "",
                "tags": [],
                "tagsQuery": "",
                "type": "query",
                "useTags": false
            },
            {
                "allValue": null,
                "current": {
                    "text": "All",
                    "value": [
                        "$__all"
                    ]
                },
                "datasource": "telegraf-metrics",
                "definition": "{\"find\":\"terms\",\"field\":\"tag.process_name\", \"query\":\"tag.host: $HostName AND measurement_name : procstat AND NOT tag.process_name: w3wp.exe AND NOT tag.process_name: erl.exe\"}",
                "hide": 0,
                "includeAll": true,
                "label": "Process name",
                "multi": true,
                "name": "processname",
                "options": [],
                "query": "{\"find\":\"terms\",\"field\":\"tag.process_name\", \"query\":\"tag.host: $HostName AND measurement_name : procstat AND NOT tag.process_name: w3wp.exe AND NOT tag.process_name: erl.exe\"}",
                "refresh": 2,
                "regex": "",
                "skipUrlSync": false,
                "sort": 2,
                "tagValuesQuery": "",
                "tags": [],
                "tagsQuery": "",
                "type": "query",
                "useTags": false
            },
            {
                "current": {
                    "selected": true,
                    "text": "telegraf-metrics",
                    "value": "telegraf-metrics"
                },
                "hide": 2,
                "includeAll": false,
                "label": "Datasource",
                "multi": false,
                "name": "Datasource",
                "options": [],
                "query": "elasticsearch",
                "refresh": 1,
                "regex": "/telegraf-metrics*/",
                "skipUrlSync": false,
                "type": "datasource"
            },
            {
                "allValue": null,
                "current": {
                    "text": "All",
                    "value": [
                        "$__all"
                    ]
                },
                "datasource": "$Datasource",
                "definition": "{\"find\":\"terms\",\"field\":\"tag.cmdline\",\"query\":\"tag.process_name: w3wp.exe\"}",
                "hide": 2,
                "includeAll": true,
                "label": "cmdline",
                "multi": true,
                "name": "cmdline",
                "options": [],
                "query": "{\"find\":\"terms\",\"field\":\"tag.cmdline\",\"query\":\"tag.process_name: w3wp.exe\"}",
                "refresh": 2,
                "regex": "",
                "skipUrlSync": false,
                "sort": 2,
                "tagValuesQuery": "",
                "tags": [],
                "tagsQuery": "",
                "type": "query",
                "useTags": false
            }
        ]
    },
    "time": {
        "from": "now-24h",
        "to": "now"
    },
    "timepicker": {
        "refresh_intervals": [
            "5s",
            "10s",
            "30s",
            "1m",
            "5m",
            "15m",
            "30m",
            "1h",
            "2h",
            "1d"
        ],
        "time_options": [
            "5m",
            "15m",
            "1h",
            "6h",
            "12h",
            "24h",
            "2d",
            "7d",
            "30d"
        ]
    },
    "timezone": "",
    "title": "DirectumRX Service Load",
    "uid": "EujIiwVZz",
    "version": null
}
