{
    "annotations": {
        "list": [
            {
                "builtIn": 1,
                "datasource": "-- Grafana --",
                "enable": true,
                "hide": true,
                "iconColor": "rgba(0, 211, 255, 1)",
                "name": "Annotations & Alerts",
                "type": "dashboard"
            }
        ]
    },
    "editable": true,
    "gnetId": null,
    "graphTooltip": 0,
    "id": null,
    "iteration": 1592898411356,
    "links": [
        {
            "asDropdown": true,
            "icon": "external link",
            "keepTime": true,
            "tags": [
                "DirectumRX"
            ],
            "targetBlank": false,
            "title": "DirectumRX",
            "type": "dashboards"
        },
        {
            "asDropdown": true,
            "icon": "external link",
            "keepTime": true,
            "tags": [
                "Hardware"
            ],
            "targetBlank": false,
            "title": "Hardware",
            "type": "dashboards"
        },
        {
            "asDropdown": true,
            "icon": "external link",
            "keepTime": true,
            "tags": [
                "Statistic"
            ],
            "targetBlank": false,
            "title": "Statistic",
            "type": "dashboards"
        }
    ],
    "panels": [
        {
            "columns": [],
            "datasource": "$DataSource",
            "fontSize": "100%",
            "gridPos": {
                "h": 7,
                "w": 12,
                "x": 0,
                "y": 0
            },
            "id": 40,
            "options": {},
            "pageSize": null,
            "showHeader": true,
            "sort": {
                "col": 0,
                "desc": true
            },
            "styles": [
                {
                    "alias": "Disk",
                    "align": "auto",
                    "colorMode": null,
                    "colors": [
                        "rgba(245, 54, 54, 0.9)",
                        "rgba(237, 129, 40, 0.89)",
                        "rgba(50, 172, 45, 0.97)"
                    ],
                    "dateFormat": "YYYY-MM-DD HH:mm:ss",
                    "decimals": 2,
                    "link": false,
                    "mappingType": 1,
                    "pattern": "tag.device",
                    "thresholds": [],
                    "type": "string",
                    "unit": "short"
                },
                {
                    "alias": "Free space, MB",
                    "align": "auto",
                    "colorMode": "cell",
                    "colors": [
                        "rgba(245, 54, 54, 0.9)",
                        "rgba(237, 129, 40, 0.89)",
                        "rgba(50, 172, 45, 0.97)"
                    ],
                    "dateFormat": "YYYY-MM-DD HH:mm:ss",
                    "decimals": 2,
                    "mappingType": 1,
                    "pattern": "Min disk.free",
                    "thresholds": [
                        "10000",
                        " 40000"
                    ],
                    "type": "number",
                    "unit": "decbytes"
                },
                {
                    "alias": "Free space, %",
                    "align": "auto",
                    "colorMode": "cell",
                    "colors": [
                        "rgba(245, 54, 54, 0.9)",
                        "rgba(237, 129, 40, 0.89)",
                        "rgba(50, 172, 45, 0.97)"
                    ],
                    "dateFormat": "YYYY-MM-DD HH:mm:ss",
                    "decimals": 2,
                    "mappingType": 1,
                    "pattern": "Min disk.used_percent",
                    "thresholds": [
                        "5",
                        " 10"
                    ],
                    "type": "number",
                    "unit": "percent"
                }
            ],
            "targets": [
                {
                    "bucketAggs": [
                        {
                            "field": "tag.device",
                            "id": "2",
                            "settings": {
                                "min_doc_count": 1,
                                "order": "desc",
                                "orderBy": "_term",
                                "size": "10"
                            },
                            "type": "terms"
                        }
                    ],
                    "metrics": [
                        {
                            "field": "disk.free",
                            "id": "1",
                            "meta": {},
                            "settings": {},
                            "type": "min"
                        },
                        {
                            "field": "disk.used_percent",
                            "id": "3",
                            "inlineScript": "100-_value",
                            "meta": {},
                            "settings": {
                                "script": {
                                    "inline": "100-_value"
                                }
                            },
                            "type": "min"
                        }
                    ],
                    "query": "tag.host: $HostName AND measurement_name: \"disk\" AND tag.fstype: \"ext4\"",
                    "refId": "A",
                    "timeField": "@timestamp"
                }
            ],
            "timeFrom": "5m",
            "timeShift": null,
            "title": "Logical disk space",
            "transform": "table",
            "type": "table"
        },
        {
            "columns": [],
            "datasource": "$DataSource",
            "fontSize": "100%",
            "gridPos": {
                "h": 7,
                "w": 12,
                "x": 12,
                "y": 0
            },
            "id": 53,
            "options": {},
            "pageSize": null,
            "showHeader": true,
            "sort": {
                "col": 0,
                "desc": true
            },
            "styles": [
                {
                    "alias": "Disk",
                    "align": "auto",
                    "colorMode": null,
                    "colors": [
                        "rgba(245, 54, 54, 0.9)",
                        "rgba(237, 129, 40, 0.89)",
                        "rgba(50, 172, 45, 0.97)"
                    ],
                    "dateFormat": "YYYY-MM-DD HH:mm:ss",
                    "decimals": 2,
                    "link": false,
                    "linkTooltip": "",
                    "linkUrl": "$DiskDevice",
                    "mappingType": 1,
                    "pattern": "tag.device",
                    "thresholds": [],
                    "type": "string",
                    "unit": "short"
                },
                {
                    "alias": "Free space, MB",
                    "align": "auto",
                    "colorMode": "cell",
                    "colors": [
                        "rgba(245, 54, 54, 0.9)",
                        "rgba(237, 129, 40, 0.89)",
                        "rgba(50, 172, 45, 0.97)"
                    ],
                    "dateFormat": "YYYY-MM-DD HH:mm:ss",
                    "decimals": 2,
                    "mappingType": 1,
                    "pattern": "Min disk.free",
                    "thresholds": [
                        "10000",
                        " 40000"
                    ],
                    "type": "number",
                    "unit": "decbytes"
                },
                {
                    "alias": "Free space, %",
                    "align": "auto",
                    "colorMode": "cell",
                    "colors": [
                        "rgba(245, 54, 54, 0.9)",
                        "rgba(237, 129, 40, 0.89)",
                        "rgba(50, 172, 45, 0.97)"
                    ],
                    "dateFormat": "YYYY-MM-DD HH:mm:ss",
                    "decimals": 2,
                    "mappingType": 1,
                    "pattern": "Min disk.used_percent",
                    "thresholds": [
                        "5",
                        " 10"
                    ],
                    "type": "number",
                    "unit": "percent"
                }
            ],
            "targets": [
                {
                    "bucketAggs": [
                        {
                            "field": "tag.device",
                            "id": "2",
                            "settings": {
                                "min_doc_count": 1,
                                "order": "desc",
                                "orderBy": "_term",
                                "size": "10"
                            },
                            "type": "terms"
                        }
                    ],
                    "metrics": [
                        {
                            "field": "disk.free",
                            "id": "1",
                            "meta": {},
                            "settings": {},
                            "type": "min"
                        },
                        {
                            "field": "disk.used_percent",
                            "id": "3",
                            "inlineScript": "100-_value",
                            "meta": {},
                            "settings": {
                                "script": {
                                    "inline": "100-_value"
                                }
                            },
                            "type": "min"
                        }
                    ],
                    "query": "tag.host: $HostName AND measurement_name: \"disk\" AND NOT tag.fstype: \"ext4\"",
                    "refId": "A",
                    "timeField": "@timestamp"
                }
            ],
            "timeFrom": "5m",
            "timeShift": null,
            "title": "Network disk space",
            "transform": "table",
            "type": "table"
        },
        {
            "aliasColors": {},
            "bars": false,
            "dashLength": 10,
            "dashes": false,
            "datasource": "$DataSource",
            "decimals": 1,
            "fill": 1,
            "fillGradient": 0,
            "gridPos": {
                "h": 6,
                "w": 6,
                "x": 0,
                "y": 7
            },
            "hiddenSeries": false,
            "id": 26,
            "interval": "30m",
            "legend": {
                "alignAsTable": true,
                "avg": true,
                "current": false,
                "max": true,
                "min": false,
                "rightSide": false,
                "show": true,
                "sideWidth": 150,
                "total": false,
                "values": true
            },
            "lines": true,
            "linewidth": 1,
            "nullPointMode": "null",
            "options": {
                "dataLinks": []
            },
            "percentage": false,
            "pointradius": 2,
            "points": false,
            "renderer": "flot",
            "seriesOverrides": [],
            "spaceLength": 10,
            "stack": true,
            "steppedLine": false,
            "targets": [
                {
                    "bucketAggs": [
                        {
                            "field": "@timestamp",
                            "id": "2",
                            "settings": {
                                "interval": "auto",
                                "min_doc_count": 0,
                                "trimEdges": 0
                            },
                            "type": "date_histogram"
                        }
                    ],
                    "metrics": [
                        {
                            "field": "cpu.usage_idle",
                            "id": "1",
                            "inlineScript": "100- _value",
                            "meta": {},
                            "settings": {
                                "script": {
                                    "inline": "100- _value"
                                }
                            },
                            "type": "max"
                        }
                    ],
                    "query": "tag.host: $HostName AND measurement_name : \"cpu\" AND tag.cpu : \"cpu-total\"",
                    "refId": "A",
                    "timeField": "@timestamp"
                }
            ],
            "thresholds": [],
            "timeFrom": null,
            "timeRegions": [],
            "timeShift": null,
            "title": "CPU load",
            "tooltip": {
                "shared": true,
                "sort": 0,
                "value_type": "individual"
            },
            "type": "graph",
            "xaxis": {
                "buckets": null,
                "mode": "time",
                "name": null,
                "show": true,
                "values": []
            },
            "yaxes": [
                {
                    "decimals": null,
                    "format": "percent",
                    "label": null,
                    "logBase": 1,
                    "max": null,
                    "min": null,
                    "show": true
                },
                {
                    "format": "short",
                    "label": null,
                    "logBase": 1,
                    "max": null,
                    "min": null,
                    "show": true
                }
            ],
            "yaxis": {
                "align": false,
                "alignLevel": null
            }
        },
        {
            "aliasColors": {},
            "bars": false,
            "dashLength": 10,
            "dashes": false,
            "datasource": "$DataSource",
            "description": "",
            "fill": 1,
            "fillGradient": 0,
            "gridPos": {
                "h": 6,
                "w": 6,
                "x": 6,
                "y": 7
            },
            "hiddenSeries": false,
            "id": 3,
            "legend": {
                "alignAsTable": false,
                "avg": false,
                "current": false,
                "max": false,
                "min": false,
                "rightSide": true,
                "show": true,
                "sideWidth": 80,
                "total": false,
                "values": false
            },
            "lines": true,
            "linewidth": 1,
            "links": [],
            "nullPointMode": "connected",
            "options": {
                "dataLinks": []
            },
            "paceLength": 10,
            "percentage": false,
            "pointradius": 2,
            "points": false,
            "renderer": "flot",
            "seriesOverrides": [],
            "spaceLength": 10,
            "stack": false,
            "steppedLine": false,
            "targets": [
                {
                    "alias": "",
                    "bucketAggs": [
                        {
                            "fake": true,
                            "field": "tag.cpu",
                            "id": "4",
                            "settings": {
                                "min_doc_count": 1,
                                "order": "asc",
                                "orderBy": "_term",
                                "size": "10"
                            },
                            "type": "terms"
                        },
                        {
                            "field": "@timestamp",
                            "id": "2",
                            "settings": {
                                "interval": "auto",
                                "min_doc_count": 0,
                                "trimEdges": 0
                            },
                            "type": "date_histogram"
                        }
                    ],
                    "metrics": [
                        {
                            "field": "cpu.usage_idle",
                            "id": "3",
                            "inlineScript": "100-_value",
                            "meta": {},
                            "settings": {
                                "missing": null,
                                "script": {
                                    "inline": "100-_value"
                                }
                            },
                            "type": "avg"
                        }
                    ],
                    "query": "tag.host: $HostName AND measurement_name : \"cpu\" AND NOT tag.cpu : \"cpu-total\"",
                    "refId": "A",
                    "timeField": "@timestamp"
                }
            ],
            "thresholds": [],
            "timeFrom": null,
            "timeRegions": [],
            "timeShift": null,
            "title": "CPU load by cores",
            "tooltip": {
                "shared": true,
                "sort": 0,
                "value_type": "individual"
            },
            "type": "graph",
            "xaxis": {
                "buckets": null,
                "mode": "time",
                "name": null,
                "show": true,
                "values": []
            },
            "yaxes": [
                {
                    "format": "percent",
                    "label": null,
                    "logBase": 1,
                    "max": "100",
                    "min": null,
                    "show": true
                },
                {
                    "format": "short",
                    "label": null,
                    "logBase": 1,
                    "max": null,
                    "min": null,
                    "show": true
                }
            ],
            "yaxis": {
                "align": false,
                "alignLevel": null
            }
        },
        {
            "aliasColors": {
                "Overall": "light-blue"
            },
            "bars": false,
            "dashLength": 10,
            "dashes": false,
            "datasource": "$DataSource",
            "description": "",
            "fill": 1,
            "fillGradient": 0,
            "gridPos": {
                "h": 5,
                "w": 6,
                "x": 12,
                "y": 7
            },
            "hiddenSeries": false,
            "id": 4,
            "legend": {
                "alignAsTable": true,
                "avg": false,
                "current": false,
                "max": false,
                "min": false,
                "rightSide": true,
                "show": false,
                "sideWidth": 80,
                "total": false,
                "values": false
            },
            "lines": true,
            "linewidth": 1,
            "links": [],
            "nullPointMode": "connected",
            "options": {
                "dataLinks": []
            },
            "paceLength": 10,
            "percentage": false,
            "pointradius": 2,
            "points": false,
            "renderer": "flot",
            "seriesOverrides": [],
            "spaceLength": 10,
            "stack": false,
            "steppedLine": false,
            "targets": [
                {
                    "alias": "Overall",
                    "bucketAggs": [
                        {
                            "field": "@timestamp",
                            "id": "2",
                            "settings": {
                                "interval": "auto",
                                "min_doc_count": 0,
                                "trimEdges": 0
                            },
                            "type": "date_histogram"
                        }
                    ],
                    "metrics": [
                        {
                            "field": "mem.used_percent",
                            "id": "3",
                            "meta": {},
                            "settings": {},
                            "type": "avg"
                        }
                    ],
                    "query": "tag.host: $HostName AND measurement_name: \"mem\"",
                    "refId": "A",
                    "timeField": "@timestamp"
                }
            ],
            "thresholds": [],
            "timeFrom": null,
            "timeRegions": [],
            "timeShift": null,
            "title": "RAM in use",
            "tooltip": {
                "shared": true,
                "sort": 0,
                "value_type": "individual"
            },
            "type": "graph",
            "xaxis": {
                "buckets": null,
                "mode": "time",
                "name": null,
                "show": true,
                "values": []
            },
            "yaxes": [
                {
                    "format": "percent",
                    "label": null,
                    "logBase": 1,
                    "max": "100",
                    "min": "0",
                    "show": true
                },
                {
                    "format": "short",
                    "label": null,
                    "logBase": 1,
                    "max": null,
                    "min": null,
                    "show": true
                }
            ],
            "yaxis": {
                "align": false,
                "alignLevel": null
            }
        },
        {
            "aliasColors": {
                "Overall": "dark-orange"
            },
            "bars": false,
            "dashLength": 10,
            "dashes": false,
            "datasource": "$DataSource",
            "description": "",
            "fill": 1,
            "fillGradient": 0,
            "gridPos": {
                "h": 5,
                "w": 6,
                "x": 18,
                "y": 7
            },
            "hiddenSeries": false,
            "id": 10,
            "legend": {
                "alignAsTable": true,
                "avg": false,
                "current": false,
                "max": false,
                "min": false,
                "rightSide": true,
                "show": false,
                "sideWidth": 80,
                "total": false,
                "values": false
            },
            "lines": true,
            "linewidth": 1,
            "links": [],
            "nullPointMode": "connected",
            "options": {
                "dataLinks": []
            },
            "paceLength": 10,
            "percentage": false,
            "pointradius": 2,
            "points": false,
            "renderer": "flot",
            "seriesOverrides": [],
            "spaceLength": 10,
            "stack": false,
            "steppedLine": false,
            "targets": [
                {
                    "alias": "Overall",
                    "bucketAggs": [
                        {
                            "field": "@timestamp",
                            "id": "2",
                            "settings": {
                                "interval": "auto",
                                "min_doc_count": 0,
                                "trimEdges": 0
                            },
                            "type": "date_histogram"
                        }
                    ],
                    "metrics": [
                        {
                            "field": "mem.available",
                            "id": "3",
                            "meta": {},
                            "settings": {},
                            "type": "avg"
                        }
                    ],
                    "query": "tag.host: $HostName AND measurement_name : \"mem\"",
                    "refId": "A",
                    "timeField": "@timestamp"
                }
            ],
            "thresholds": [],
            "timeFrom": null,
            "timeRegions": [],
            "timeShift": null,
            "title": "Available RAM",
            "tooltip": {
                "shared": true,
                "sort": 0,
                "value_type": "individual"
            },
            "type": "graph",
            "xaxis": {
                "buckets": null,
                "mode": "time",
                "name": null,
                "show": true,
                "values": []
            },
            "yaxes": [
                {
                    "format": "decbytes",
                    "label": null,
                    "logBase": 1,
                    "max": null,
                    "min": null,
                    "show": true
                },
                {
                    "format": "short",
                    "label": null,
                    "logBase": 1,
                    "max": null,
                    "min": null,
                    "show": true
                }
            ],
            "yaxis": {
                "align": false,
                "alignLevel": null
            }
        },
        {
            "aliasColors": {},
            "bars": false,
            "dashLength": 10,
            "dashes": false,
            "datasource": "$DataSource",
            "description": "This is the number of input-output requests that were given to the device driver, but have not been executed yet. It does not include requests that are in the queue, but have not been sent to the device driver.",
            "fill": 1,
            "fillGradient": 0,
            "gridPos": {
                "h": 8,
                "w": 6,
                "x": 12,
                "y": 12
            },
            "hiddenSeries": false,
            "id": 19,
            "interval": "10s",
            "legend": {
                "alignAsTable": true,
                "avg": false,
                "current": false,
                "max": false,
                "min": false,
                "show": true,
                "total": false,
                "values": false
            },
            "lines": true,
            "linewidth": 1,
            "links": [],
            "nullPointMode": "null",
            "options": {
                "dataLinks": []
            },
            "paceLength": 10,
            "percentage": false,
            "pointradius": 2,
            "points": false,
            "renderer": "flot",
            "seriesOverrides": [],
            "spaceLength": 10,
            "stack": false,
            "steppedLine": false,
            "targets": [
                {
                    "bucketAggs": [
                        {
                            "field": "@timestamp",
                            "id": "2",
                            "settings": {
                                "interval": "auto",
                                "min_doc_count": 0,
                                "trimEdges": 0
                            },
                            "type": "date_histogram"
                        }
                    ],
                    "metrics": [
                        {
                            "field": "diskio.iops_in_progress",
                            "id": "1",
                            "meta": {},
                            "pipelineAgg": "select metric",
                            "settings": {},
                            "type": "avg"
                        }
                    ],
                    "query": "tag.host: $HostName AND measurement_name : \"diskio\" AND tag.name : sda",
                    "refId": "A",
                    "timeField": "@timestamp"
                }
            ],
            "thresholds": [],
            "timeFrom": null,
            "timeRegions": [],
            "timeShift": null,
            "title": "iops in progress",
            "tooltip": {
                "shared": true,
                "sort": 0,
                "value_type": "individual"
            },
            "type": "graph",
            "xaxis": {
                "buckets": null,
                "mode": "time",
                "name": null,
                "show": true,
                "values": []
            },
            "yaxes": [
                {
                    "format": "short",
                    "label": null,
                    "logBase": 1,
                    "max": null,
                    "min": null,
                    "show": true
                },
                {
                    "format": "short",
                    "label": null,
                    "logBase": 1,
                    "max": null,
                    "min": null,
                    "show": true
                }
            ],
            "yaxis": {
                "align": false,
                "alignLevel": null
            }
        },
        {
            "aliasColors": {},
            "bars": false,
            "dashLength": 10,
            "dashes": false,
            "datasource": "$DataSource",
            "description": "",
            "fill": 1,
            "fillGradient": 0,
            "gridPos": {
                "h": 8,
                "w": 6,
                "x": 18,
                "y": 12
            },
            "hiddenSeries": false,
            "id": 22,
            "interval": "10s",
            "legend": {
                "alignAsTable": true,
                "avg": false,
                "current": false,
                "max": false,
                "min": false,
                "rightSide": false,
                "show": true,
                "total": false,
                "values": false
            },
            "lines": true,
            "linewidth": 1,
            "links": [],
            "nullPointMode": "null",
            "options": {
                "dataLinks": []
            },
            "paceLength": 10,
            "percentage": false,
            "pointradius": 2,
            "points": false,
            "renderer": "flot",
            "seriesOverrides": [
                {
                    "alias": "Sent",
                    "transform": "negative-Y"
                }
            ],
            "spaceLength": 10,
            "stack": false,
            "steppedLine": false,
            "targets": [
                {
                    "alias": "Received",
                    "bucketAggs": [
                        {
                            "field": "@timestamp",
                            "id": "2",
                            "settings": {
                                "interval": "auto",
                                "min_doc_count": 0,
                                "trimEdges": 0
                            },
                            "type": "date_histogram"
                        }
                    ],
                    "metrics": [
                        {
                            "field": "net.bytes_recv",
                            "hide": true,
                            "id": "1",
                            "meta": {},
                            "pipelineAgg": "select metric",
                            "settings": {},
                            "type": "avg"
                        },
                        {
                            "field": "1",
                            "id": "3",
                            "meta": {},
                            "pipelineAgg": "1",
                            "settings": {},
                            "type": "derivative"
                        }
                    ],
                    "query": "tag.host: $HostName AND measurement_name : net AND tag.interface : e*0",
                    "refId": "A",
                    "timeField": "@timestamp"
                },
                {
                    "alias": "Sent",
                    "bucketAggs": [
                        {
                            "field": "@timestamp",
                            "id": "2",
                            "settings": {
                                "interval": "auto",
                                "min_doc_count": 0,
                                "trimEdges": 0
                            },
                            "type": "date_histogram"
                        }
                    ],
                    "metrics": [
                        {
                            "field": "net.bytes_sent",
                            "hide": true,
                            "id": "1",
                            "meta": {},
                            "settings": {},
                            "type": "avg"
                        },
                        {
                            "field": "1",
                            "id": "3",
                            "meta": {},
                            "pipelineAgg": "1",
                            "settings": {},
                            "type": "derivative"
                        }
                    ],
                    "query": "tag.host: $HostName AND measurement_name : net AND tag.interface : e*0",
                    "refId": "B",
                    "timeField": "@timestamp"
                }
            ],
            "thresholds": [],
            "timeFrom": null,
            "timeRegions": [],
            "timeShift": null,
            "title": "eth0 network load",
            "tooltip": {
                "shared": true,
                "sort": 0,
                "value_type": "individual"
            },
            "type": "graph",
            "xaxis": {
                "buckets": null,
                "mode": "time",
                "name": null,
                "show": true,
                "values": []
            },
            "yaxes": [
                {
                    "decimals": null,
                    "format": "bytes",
                    "label": "",
                    "logBase": 1,
                    "max": null,
                    "min": null,
                    "show": true
                },
                {
                    "decimals": null,
                    "format": "decbytes",
                    "label": "",
                    "logBase": 1,
                    "max": "0",
                    "min": null,
                    "show": false
                }
            ],
            "yaxis": {
                "align": false,
                "alignLevel": null
            }
        },
        {
            "aliasColors": {},
            "bars": false,
            "dashLength": 10,
            "dashes": false,
            "datasource": "$DataSource",
            "description": "This is the number of milliseconds, during which the device was queuing input-output requests.",
            "fill": 1,
            "fillGradient": 0,
            "gridPos": {
                "h": 7,
                "w": 6,
                "x": 0,
                "y": 13
            },
            "hiddenSeries": false,
            "id": 17,
            "interval": "10s",
            "legend": {
                "alignAsTable": true,
                "avg": false,
                "current": false,
                "max": false,
                "min": false,
                "show": true,
                "total": false,
                "values": false
            },
            "lines": true,
            "linewidth": 1,
            "links": [],
            "nullPointMode": "null",
            "options": {
                "dataLinks": []
            },
            "paceLength": 10,
            "percentage": false,
            "pointradius": 2,
            "points": false,
            "renderer": "flot",
            "seriesOverrides": [],
            "spaceLength": 10,
            "stack": false,
            "steppedLine": false,
            "targets": [
                {
                    "bucketAggs": [
                        {
                            "field": "@timestamp",
                            "id": "2",
                            "settings": {
                                "interval": "auto",
                                "min_doc_count": 0,
                                "trimEdges": 0
                            },
                            "type": "date_histogram"
                        }
                    ],
                    "metrics": [
                        {
                            "field": "diskio.io_time",
                            "hide": true,
                            "id": "1",
                            "inlineScript": "_value/10",
                            "meta": {},
                            "settings": {
                                "script": {
                                    "inline": "_value/10"
                                }
                            },
                            "type": "avg"
                        },
                        {
                            "field": "1",
                            "id": "3",
                            "meta": {},
                            "pipelineAgg": "1",
                            "settings": {},
                            "type": "derivative"
                        }
                    ],
                    "query": "tag.host: $HostName AND measurement_name : \"diskio\" AND tag.name : sda",
                    "refId": "A",
                    "timeField": "@timestamp"
                }
            ],
            "thresholds": [],
            "timeFrom": null,
            "timeRegions": [],
            "timeShift": null,
            "title": "I/O Time",
            "tooltip": {
                "shared": true,
                "sort": 0,
                "value_type": "individual"
            },
            "type": "graph",
            "xaxis": {
                "buckets": null,
                "mode": "time",
                "name": null,
                "show": true,
                "values": []
            },
            "yaxes": [
                {
                    "format": "short",
                    "label": null,
                    "logBase": 1,
                    "max": null,
                    "min": null,
                    "show": true
                },
                {
                    "format": "short",
                    "label": null,
                    "logBase": 1,
                    "max": null,
                    "min": null,
                    "show": true
                }
            ],
            "yaxis": {
                "align": false,
                "alignLevel": null
            }
        },
        {
            "aliasColors": {},
            "bars": false,
            "dashLength": 10,
            "dashes": false,
            "datasource": "$DataSource",
            "description": "",
            "fill": 1,
            "fillGradient": 0,
            "gridPos": {
                "h": 7,
                "w": 6,
                "x": 6,
                "y": 13
            },
            "hiddenSeries": false,
            "id": 18,
            "interval": "10s",
            "legend": {
                "alignAsTable": true,
                "avg": false,
                "current": false,
                "max": false,
                "min": false,
                "rightSide": false,
                "show": true,
                "total": false,
                "values": false
            },
            "lines": true,
            "linewidth": 1,
            "links": [],
            "nullPointMode": "null",
            "options": {
                "dataLinks": []
            },
            "paceLength": 10,
            "percentage": false,
            "pointradius": 2,
            "points": false,
            "renderer": "flot",
            "seriesOverrides": [
                {
                    "alias": "Derivative Average diskio.write_bytes",
                    "transform": "negative-Y"
                }
            ],
            "spaceLength": 10,
            "stack": false,
            "steppedLine": false,
            "targets": [
                {
                    "bucketAggs": [
                        {
                            "field": "@timestamp",
                            "id": "2",
                            "settings": {
                                "interval": "auto",
                                "min_doc_count": 0,
                                "trimEdges": 0
                            },
                            "type": "date_histogram"
                        }
                    ],
                    "metrics": [
                        {
                            "field": "diskio.read_bytes",
                            "hide": true,
                            "id": "1",
                            "inlineScript": null,
                            "meta": {},
                            "settings": {},
                            "type": "avg"
                        },
                        {
                            "field": "1",
                            "id": "3",
                            "meta": {},
                            "pipelineAgg": "1",
                            "settings": {},
                            "type": "derivative"
                        },
                        {
                            "field": "diskio.write_bytes",
                            "hide": true,
                            "id": "4",
                            "inlineScript": "_value/10",
                            "meta": {},
                            "settings": {
                                "script": {
                                    "inline": "_value/10"
                                }
                            },
                            "type": "avg"
                        },
                        {
                            "field": "4",
                            "id": "5",
                            "meta": {},
                            "pipelineAgg": "4",
                            "settings": {},
                            "type": "derivative"
                        }
                    ],
                    "query": "tag.host: $HostName AND measurement_name : \"diskio\" AND tag.name : sda",
                    "refId": "A",
                    "timeField": "@timestamp"
                }
            ],
            "thresholds": [],
            "timeFrom": null,
            "timeRegions": [],
            "timeShift": null,
            "title": "Reads\\Writes Bytes",
            "tooltip": {
                "shared": true,
                "sort": 0,
                "value_type": "individual"
            },
            "type": "graph",
            "xaxis": {
                "buckets": null,
                "mode": "time",
                "name": null,
                "show": true,
                "values": []
            },
            "yaxes": [
                {
                    "format": "bytes",
                    "label": null,
                    "logBase": 1,
                    "max": null,
                    "min": null,
                    "show": true
                },
                {
                    "format": "short",
                    "label": null,
                    "logBase": 1,
                    "max": null,
                    "min": null,
                    "show": true
                }
            ],
            "yaxis": {
                "align": false,
                "alignLevel": null
            }
        }
    ],
    "refresh": false,
    "schemaVersion": 22,
    "style": "dark",
    "tags": [
        "Hardware"
    ],
    "templating": {
        "list": [
            {
                "allValue": null,
                "current": {
                    "tags": [],
                    "text": "All",
                    "value": [
                        "$__all"
                    ]
                },
                "datasource": "$DataSource",
                "definition": "{\"find\":\"terms\",\"field\":\"tag.host\"}",
                "hide": 0,
                "includeAll": true,
                "label": "Host",
                "multi": true,
                "name": "HostName",
                "options": [],
                "query": "{\"find\":\"terms\",\"field\":\"tag.host\"}",
                "refresh": 2,
                "regex": "",
                "skipUrlSync": false,
                "sort": 0,
                "tagValuesQuery": "",
                "tags": [],
                "tagsQuery": "",
                "type": "query",
                "useTags": false
            },
            {
                "current": {
                    "text": "telegraf-metrics",
                    "value": "telegraf-metrics"
                },
                "hide": 2,
                "includeAll": false,
                "label": "DataSource",
                "multi": false,
                "name": "DataSource",
                "options": [],
                "query": "elasticsearch",
                "refresh": 1,
                "regex": "/telegraf-met*/",
                "skipUrlSync": false,
                "type": "datasource"
            }
        ]
    },
    "time": {
        "from": "now-24h",
        "to": "now"
    },
    "timepicker": {
        "refresh_intervals": [
            "5s",
            "10s",
            "30s",
            "1m",
            "5m",
            "15m",
            "30m",
            "1h",
            "2h",
            "1d"
        ],
        "time_options": [
            "5m",
            "15m",
            "1h",
            "6h",
            "12h",
            "24h",
            "2d",
            "7d",
            "30d"
        ]
    },
    "timezone": "",
    "title": "Linux Servers",
    "uid": "7wb7dAqmm",
    "version": null
}
