{
    "annotations": {
        "list": [
            {
                "builtIn": 1,
                "datasource": "-- Grafana --",
                "enable": true,
                "hide": true,
                "iconColor": "rgba(0, 211, 255, 1)",
                "name": "Annotations & Alerts",
                "type": "dashboard"
            }
        ]
    },
    "editable": true,
    "gnetId": null,
    "graphTooltip": 0,
    "id": null,
    "iteration": 1592898411359,
    "links": [
        {
            "asDropdown": true,
            "icon": "external link",
            "keepTime": true,
            "tags": [
                "DirectumRX"
            ],
            "targetBlank": false,
            "title": "DirectumRX",
            "type": "dashboards"
        },
        {
            "asDropdown": true,
            "icon": "external link",
            "keepTime": true,
            "tags": [
                "Hardware"
            ],
            "targetBlank": false,
            "title": "Hardware",
            "type": "dashboards"
        },
        {
            "asDropdown": true,
            "icon": "external link",
            "keepTime": true,
            "tags": [
                "Statistic"
            ],
            "targetBlank": false,
            "title": "Statistic",
            "type": "dashboards"
        }
    ],
    "panels": [
        {
            "aliasColors": {},
            "bars": false,
            "dashLength": 10,
            "dashes": false,
            "datasource": "$DataSource",
            "fill": 1,
            "fillGradient": 0,
            "gridPos": {
                "h": 7,
                "w": 12,
                "x": 0,
                "y": 0
            },
            "hiddenSeries": false,
            "id": 8,
            "interval": "30s",
            "legend": {
                "alignAsTable": true,
                "avg": true,
                "current": true,
                "max": true,
                "min": false,
                "rightSide": true,
                "show": true,
                "total": false,
                "values": true
            },
            "lines": true,
            "linewidth": 1,
            "links": [],
            "nullPointMode": "connected",
            "options": {
                "dataLinks": []
            },
            "percentage": false,
            "pointradius": 2,
            "points": false,
            "renderer": "flot",
            "seriesOverrides": [],
            "spaceLength": 10,
            "stack": false,
            "steppedLine": false,
            "targets": [
                {
                    "bucketAggs": [
                        {
                            "fake": true,
                            "field": "tag.instance",
                            "id": "3",
                            "settings": {
                                "min_doc_count": 1,
                                "order": "asc",
                                "orderBy": "_term",
                                "size": "0"
                            },
                            "type": "terms"
                        },
                        {
                            "field": "@timestamp",
                            "id": "2",
                            "settings": {
                                "interval": "auto",
                                "min_doc_count": 0,
                                "trimEdges": 0
                            },
                            "type": "date_histogram"
                        }
                    ],
                    "metrics": [
                        {
                            "field": "win_disk.Avg._Disk_Queue_Length",
                            "id": "1",
                            "meta": {},
                            "settings": {},
                            "type": "avg"
                        }
                    ],
                    "query": "tag.host: $HostName AND measurement_name: \"win_disk\" AND NOT tag.instance: Harddisk*",
                    "refId": "A",
                    "timeField": "@timestamp"
                }
            ],
            "thresholds": [],
            "timeFrom": null,
            "timeRegions": [],
            "timeShift": null,
            "title": " Average disk queue length",
            "tooltip": {
                "shared": true,
                "sort": 0,
                "value_type": "individual"
            },
            "type": "graph",
            "xaxis": {
                "buckets": null,
                "mode": "time",
                "name": null,
                "show": true,
                "values": []
            },
            "yaxes": [
                {
                    "format": "short",
                    "label": null,
                    "logBase": 1,
                    "max": null,
                    "min": null,
                    "show": true
                },
                {
                    "format": "short",
                    "label": null,
                    "logBase": 1,
                    "max": null,
                    "min": null,
                    "show": true
                }
            ],
            "yaxis": {
                "align": false,
                "alignLevel": null
            }
        },
        {
            "aliasColors": {
                "Average win_cpu.Percent_Idle_Time": "dark-yellow",
                "_Total": "dark-yellow"
            },
            "bars": false,
            "dashLength": 10,
            "dashes": false,
            "datasource": "$DataSource",
            "fill": 1,
            "fillGradient": 0,
            "gridPos": {
                "h": 5,
                "w": 5,
                "x": 12,
                "y": 0
            },
            "hiddenSeries": false,
            "id": 4,
            "interval": "30m",
            "legend": {
                "avg": false,
                "current": false,
                "max": false,
                "min": false,
                "show": false,
                "total": false,
                "values": false
            },
            "lines": true,
            "linewidth": 1,
            "links": [],
            "nullPointMode": "connected",
            "options": {
                "dataLinks": []
            },
            "percentage": false,
            "pointradius": 2,
            "points": false,
            "renderer": "flot",
            "seriesOverrides": [],
            "spaceLength": 10,
            "stack": false,
            "steppedLine": false,
            "targets": [
                {
                    "bucketAggs": [
                        {
                            "field": "@timestamp",
                            "id": "2",
                            "settings": {
                                "interval": "auto",
                                "min_doc_count": 0,
                                "trimEdges": 0
                            },
                            "type": "date_histogram"
                        }
                    ],
                    "metrics": [
                        {
                            "field": "mem.used_percent",
                            "id": "1",
                            "inlineScript": null,
                            "meta": {},
                            "settings": {},
                            "type": "max"
                        }
                    ],
                    "query": "tag.host: $HostName AND measurement_name: \"mem\"",
                    "refId": "A",
                    "timeField": "@timestamp"
                }
            ],
            "thresholds": [],
            "timeFrom": null,
            "timeRegions": [],
            "timeShift": null,
            "title": "RAM in use, %",
            "tooltip": {
                "shared": true,
                "sort": 0,
                "value_type": "individual"
            },
            "type": "graph",
            "xaxis": {
                "buckets": null,
                "mode": "time",
                "name": null,
                "show": true,
                "values": []
            },
            "yaxes": [
                {
                    "format": "percent",
                    "label": null,
                    "logBase": 1,
                    "max": "100",
                    "min": "0",
                    "show": true
                },
                {
                    "format": "short",
                    "label": null,
                    "logBase": 1,
                    "max": null,
                    "min": null,
                    "show": true
                }
            ],
            "yaxis": {
                "align": false,
                "alignLevel": null
            }
        },
        {
            "aliasColors": {
                "Average win_cpu.Percent_Idle_Time": "dark-yellow",
                "_Total": "dark-yellow"
            },
            "bars": false,
            "dashLength": 10,
            "dashes": false,
            "datasource": "$DataSource",
            "fill": 1,
            "fillGradient": 0,
            "gridPos": {
                "h": 5,
                "w": 7,
                "x": 17,
                "y": 0
            },
            "hiddenSeries": false,
            "id": 10,
            "interval": "30m",
            "legend": {
                "alignAsTable": true,
                "avg": false,
                "current": false,
                "max": false,
                "min": false,
                "rightSide": true,
                "show": true,
                "total": false,
                "values": false
            },
            "lines": true,
            "linewidth": 1,
            "links": [],
            "nullPointMode": "connected",
            "options": {
                "dataLinks": []
            },
            "percentage": false,
            "pointradius": 2,
            "points": false,
            "renderer": "flot",
            "seriesOverrides": [],
            "spaceLength": 10,
            "stack": false,
            "steppedLine": false,
            "targets": [
                {
                    "alias": "Total",
                    "bucketAggs": [
                        {
                            "field": "@timestamp",
                            "id": "2",
                            "settings": {
                                "interval": "auto",
                                "min_doc_count": 0,
                                "trimEdges": 0
                            },
                            "type": "date_histogram"
                        }
                    ],
                    "metrics": [
                        {
                            "field": "mem.total",
                            "id": "1",
                            "inlineScript": null,
                            "meta": {},
                            "settings": {},
                            "type": "max"
                        }
                    ],
                    "query": "tag.host: $HostName AND measurement_name: \"mem\"",
                    "refId": "A",
                    "timeField": "@timestamp"
                },
                {
                    "alias": "In use",
                    "bucketAggs": [
                        {
                            "field": "@timestamp",
                            "id": "2",
                            "settings": {
                                "interval": "auto",
                                "min_doc_count": 0,
                                "trimEdges": 0
                            },
                            "type": "date_histogram"
                        }
                    ],
                    "metrics": [
                        {
                            "field": "mem.used",
                            "id": "3",
                            "meta": {},
                            "settings": {},
                            "type": "max"
                        }
                    ],
                    "query": "tag.host: $HostName AND measurement_name: \"mem\"",
                    "refId": "B",
                    "timeField": "@timestamp"
                }
            ],
            "thresholds": [],
            "timeFrom": null,
            "timeRegions": [],
            "timeShift": null,
            "title": "RAM state",
            "tooltip": {
                "shared": true,
                "sort": 0,
                "value_type": "individual"
            },
            "type": "graph",
            "xaxis": {
                "buckets": null,
                "mode": "time",
                "name": null,
                "show": true,
                "values": []
            },
            "yaxes": [
                {
                    "format": "bytes",
                    "label": null,
                    "logBase": 1,
                    "max": null,
                    "min": null,
                    "show": true
                },
                {
                    "format": "short",
                    "label": null,
                    "logBase": 1,
                    "max": null,
                    "min": null,
                    "show": true
                }
            ],
            "yaxis": {
                "align": false,
                "alignLevel": null
            }
        },
        {
            "aliasColors": {
                "Average win_cpu.Percent_Idle_Time": "dark-yellow",
                "_Total": "dark-yellow"
            },
            "bars": false,
            "dashLength": 10,
            "dashes": false,
            "datasource": "$DataSource",
            "fill": 1,
            "fillGradient": 0,
            "gridPos": {
                "h": 5,
                "w": 12,
                "x": 12,
                "y": 5
            },
            "hiddenSeries": false,
            "id": 9,
            "interval": "30m",
            "legend": {
                "avg": false,
                "current": false,
                "max": false,
                "min": false,
                "show": false,
                "total": false,
                "values": false
            },
            "lines": true,
            "linewidth": 1,
            "links": [],
            "nullPointMode": "connected",
            "options": {
                "dataLinks": []
            },
            "percentage": false,
            "pointradius": 2,
            "points": false,
            "renderer": "flot",
            "seriesOverrides": [],
            "spaceLength": 10,
            "stack": false,
            "steppedLine": false,
            "targets": [
                {
                    "bucketAggs": [
                        {
                            "fake": true,
                            "field": "tag.instance",
                            "id": "3",
                            "settings": {
                                "min_doc_count": 1,
                                "order": "desc",
                                "orderBy": "_term",
                                "size": "0"
                            },
                            "type": "terms"
                        },
                        {
                            "field": "@timestamp",
                            "id": "2",
                            "settings": {
                                "interval": "auto",
                                "min_doc_count": 0,
                                "trimEdges": 0
                            },
                            "type": "date_histogram"
                        }
                    ],
                    "metrics": [
                        {
                            "field": "win_cpu.Percent_Idle_Time",
                            "id": "1",
                            "inlineScript": "100-_value",
                            "meta": {},
                            "settings": {
                                "script": {
                                    "inline": "100-_value"
                                }
                            },
                            "type": "avg"
                        }
                    ],
                    "query": "tag.host: $HostName AND measurement_name: \"win_cpu\"  AND tag.instance: \"_Total\"",
                    "refId": "A",
                    "timeField": "@timestamp"
                }
            ],
            "thresholds": [],
            "timeFrom": null,
            "timeRegions": [],
            "timeShift": null,
            "title": "Total CPU load",
            "tooltip": {
                "shared": true,
                "sort": 0,
                "value_type": "individual"
            },
            "type": "graph",
            "xaxis": {
                "buckets": null,
                "mode": "time",
                "name": null,
                "show": true,
                "values": []
            },
            "yaxes": [
                {
                    "format": "percent",
                    "label": null,
                    "logBase": 1,
                    "max": "100",
                    "min": "0",
                    "show": true
                },
                {
                    "format": "short",
                    "label": null,
                    "logBase": 1,
                    "max": null,
                    "min": null,
                    "show": true
                }
            ],
            "yaxis": {
                "align": false,
                "alignLevel": null
            }
        },
        {
            "columns": [],
            "datasource": "$DataSource",
            "fontSize": "100%",
            "gridPos": {
                "h": 8,
                "w": 12,
                "x": 0,
                "y": 7
            },
            "id": 2,
            "links": [],
            "options": {},
            "pageSize": null,
            "scroll": true,
            "showHeader": true,
            "sort": {
                "col": 0,
                "desc": false
            },
            "styles": [
                {
                    "alias": "Disk",
                    "align": "auto",
                    "colorMode": null,
                    "colors": [
                        "rgba(245, 54, 54, 0.9)",
                        "rgba(237, 129, 40, 0.89)",
                        "rgba(50, 172, 45, 0.97)"
                    ],
                    "dateFormat": "YYYY-MM-DD HH:mm:ss",
                    "decimals": 2,
                    "link": true,
                    "linkTooltip": "Learn more",
                    "linkUrl": "/d/wbfi2DVZk/sostoianie-diska?orgId=1&from=$__from&to=$__to&var-HostName=$HostName&var-DiskLabel=${__cell}",
                    "mappingType": 1,
                    "pattern": "tag.instance",
                    "thresholds": [],
                    "type": "number",
                    "unit": "short"
                },
                {
                    "alias": "Free space, MB",
                    "align": "auto",
                    "colorMode": "cell",
                    "colors": [
                        "rgba(245, 54, 54, 0.9)",
                        "rgba(237, 129, 40, 0.89)",
                        "rgba(50, 172, 45, 0.97)"
                    ],
                    "dateFormat": "YYYY-MM-DD HH:mm:ss",
                    "decimals": 2,
                    "mappingType": 1,
                    "pattern": "Min win_disk.Free_Megabytes",
                    "thresholds": [
                        "10000",
                        " 40000"
                    ],
                    "type": "number",
                    "unit": "mbytes"
                },
                {
                    "alias": "Free space, %",
                    "align": "auto",
                    "colorMode": "cell",
                    "colors": [
                        "rgba(245, 54, 54, 0.9)",
                        "rgba(237, 129, 40, 0.89)",
                        "rgba(50, 172, 45, 0.97)"
                    ],
                    "dateFormat": "YYYY-MM-DD HH:mm:ss",
                    "decimals": 2,
                    "mappingType": 1,
                    "pattern": "Min win_disk.Percent_Free_Space",
                    "thresholds": [
                        "5",
                        " 10"
                    ],
                    "type": "number",
                    "unit": "percent"
                }
            ],
            "targets": [
                {
                    "bucketAggs": [
                        {
                            "field": "tag.instance",
                            "id": "2",
                            "settings": {
                                "min_doc_count": 1,
                                "order": "desc",
                                "orderBy": "_term",
                                "size": "10"
                            },
                            "type": "terms"
                        }
                    ],
                    "metrics": [
                        {
                            "field": "win_disk.Free_Megabytes",
                            "id": "1",
                            "meta": {},
                            "settings": {},
                            "type": "min"
                        },
                        {
                            "field": "win_disk.Percent_Free_Space",
                            "id": "3",
                            "meta": {},
                            "settings": {},
                            "type": "min"
                        }
                    ],
                    "query": "tag.host: $HostName AND measurement_name: \"win_disk\" AND NOT tag.instance: Harddisk*",
                    "refId": "A",
                    "timeField": "@timestamp"
                }
            ],
            "timeFrom": "5m",
            "timeShift": null,
            "title": "Free space on disks",
            "transform": "table",
            "type": "table"
        },
        {
            "aliasColors": {
                "Average win_cpu.Percent_Idle_Time": "dark-yellow"
            },
            "bars": false,
            "dashLength": 10,
            "dashes": false,
            "datasource": "$DataSource",
            "fill": 1,
            "fillGradient": 0,
            "gridPos": {
                "h": 5,
                "w": 12,
                "x": 12,
                "y": 10
            },
            "hiddenSeries": false,
            "id": 5,
            "legend": {
                "alignAsTable": true,
                "avg": false,
                "current": false,
                "max": false,
                "min": false,
                "rightSide": true,
                "show": true,
                "total": false,
                "values": false
            },
            "lines": true,
            "linewidth": 1,
            "links": [],
            "nullPointMode": "connected",
            "options": {
                "dataLinks": []
            },
            "percentage": false,
            "pointradius": 2,
            "points": false,
            "renderer": "flot",
            "seriesOverrides": [],
            "spaceLength": 10,
            "stack": false,
            "steppedLine": false,
            "targets": [
                {
                    "bucketAggs": [
                        {
                            "fake": true,
                            "field": "tag.instance",
                            "id": "3",
                            "settings": {
                                "min_doc_count": 1,
                                "order": "desc",
                                "orderBy": "_term",
                                "size": "0"
                            },
                            "type": "terms"
                        },
                        {
                            "field": "@timestamp",
                            "id": "2",
                            "settings": {
                                "interval": "auto",
                                "min_doc_count": 0,
                                "trimEdges": 0
                            },
                            "type": "date_histogram"
                        }
                    ],
                    "metrics": [
                        {
                            "field": "win_cpu.Percent_Idle_Time",
                            "id": "1",
                            "inlineScript": "100-_value",
                            "meta": {},
                            "settings": {
                                "script": {
                                    "inline": "100-_value"
                                }
                            },
                            "type": "avg"
                        }
                    ],
                    "query": "tag.host: $HostName AND measurement_name: \"win_cpu\" AND NOT tag.instance: \"_Total\"",
                    "refId": "A",
                    "timeField": "@timestamp"
                }
            ],
            "thresholds": [],
            "timeFrom": null,
            "timeRegions": [],
            "timeShift": null,
            "title": "CPU load by cores",
            "tooltip": {
                "shared": true,
                "sort": 0,
                "value_type": "individual"
            },
            "type": "graph",
            "xaxis": {
                "buckets": null,
                "mode": "time",
                "name": null,
                "show": true,
                "values": []
            },
            "yaxes": [
                {
                    "format": "percent",
                    "label": null,
                    "logBase": 1,
                    "max": "100",
                    "min": "0",
                    "show": true
                },
                {
                    "format": "short",
                    "label": null,
                    "logBase": 1,
                    "max": null,
                    "min": null,
                    "show": true
                }
            ],
            "yaxis": {
                "align": false,
                "alignLevel": null
            }
        },
        {
            "aliasColors": {
                "Average win_disk.Disk_Transfers_persec": "yellow"
            },
            "bars": false,
            "dashLength": 10,
            "dashes": false,
            "datasource": "$DataSource",
            "description": "Number of separate disk I/O requests completed within one second. This number shows real application demands for random read and write requests to the disk subsystem",
            "fill": 1,
            "fillGradient": 0,
            "gridPos": {
                "h": 6,
                "w": 12,
                "x": 0,
                "y": 15
            },
            "hiddenSeries": false,
            "id": 12,
            "legend": {
                "alignAsTable": true,
                "avg": true,
                "current": false,
                "max": true,
                "min": false,
                "rightSide": true,
                "show": true,
                "total": false,
                "values": true
            },
            "lines": true,
            "linewidth": 1,
            "links": [],
            "nullPointMode": "connected",
            "options": {
                "dataLinks": []
            },
            "percentage": false,
            "pointradius": 2,
            "points": false,
            "renderer": "flot",
            "seriesOverrides": [],
            "spaceLength": 10,
            "stack": false,
            "steppedLine": false,
            "targets": [
                {
                    "bucketAggs": [
                        {
                            "fake": true,
                            "field": "tag.instance",
                            "id": "3",
                            "settings": {
                                "min_doc_count": 1,
                                "order": "asc",
                                "orderBy": "_term",
                                "size": "0"
                            },
                            "type": "terms"
                        },
                        {
                            "field": "@timestamp",
                            "id": "2",
                            "settings": {
                                "interval": "auto",
                                "min_doc_count": 0,
                                "trimEdges": 0
                            },
                            "type": "date_histogram"
                        }
                    ],
                    "metrics": [
                        {
                            "field": "win_disk.Disk_Transfers_persec",
                            "id": "1",
                            "meta": {},
                            "settings": {},
                            "type": "avg"
                        }
                    ],
                    "query": "tag.host: $HostName AND measurement_name: \"win_disk\" AND NOT tag.instance: Harddisk*",
                    "refId": "A",
                    "timeField": "@timestamp"
                }
            ],
            "thresholds": [],
            "timeFrom": null,
            "timeRegions": [],
            "timeShift": null,
            "title": "Requests to disk per second",
            "tooltip": {
                "shared": true,
                "sort": 0,
                "value_type": "individual"
            },
            "type": "graph",
            "xaxis": {
                "buckets": null,
                "mode": "time",
                "name": null,
                "show": true,
                "values": []
            },
            "yaxes": [
                {
                    "format": "short",
                    "label": null,
                    "logBase": 1,
                    "max": null,
                    "min": null,
                    "show": true
                },
                {
                    "format": "short",
                    "label": null,
                    "logBase": 1,
                    "max": null,
                    "min": null,
                    "show": true
                }
            ],
            "yaxis": {
                "align": false,
                "alignLevel": null
            }
        },
        {
            "aliasColors": {
                "Average win_disk.Disk_Transfers_persec": "yellow"
            },
            "bars": false,
            "dashLength": 10,
            "dashes": false,
            "datasource": "$DataSource",
            "description": "Number of separate disk I/O requests completed within one second. This number shows real application demands for random read and write requests to the disk subsystem",
            "fill": 1,
            "fillGradient": 0,
            "gridPos": {
                "h": 6,
                "w": 12,
                "x": 12,
                "y": 15
            },
            "hiddenSeries": false,
            "id": 14,
            "legend": {
                "alignAsTable": true,
                "avg": true,
                "current": false,
                "max": true,
                "min": false,
                "rightSide": true,
                "show": true,
                "total": false,
                "values": true
            },
            "lines": true,
            "linewidth": 1,
            "links": [],
            "nullPointMode": "connected",
            "options": {
                "dataLinks": []
            },
            "percentage": false,
            "pointradius": 2,
            "points": false,
            "renderer": "flot",
            "seriesOverrides": [
                {
                    "alias": "Write",
                    "transform": "negative-Y"
                }
            ],
            "spaceLength": 10,
            "stack": false,
            "steppedLine": false,
            "targets": [
                {
                    "alias": "Write",
                    "bucketAggs": [
                        {
                            "field": "@timestamp",
                            "id": "2",
                            "settings": {
                                "interval": "auto",
                                "min_doc_count": 0,
                                "trimEdges": 0
                            },
                            "type": "date_histogram"
                        }
                    ],
                    "metrics": [
                        {
                            "field": "win_disk.Disk_Writes_persec",
                            "id": "1",
                            "meta": {},
                            "settings": {},
                            "type": "avg"
                        }
                    ],
                    "query": "tag.host: $HostName AND measurement_name: \"win_disk\" AND NOT  tag.instance: Harddisk*",
                    "refId": "A",
                    "timeField": "@timestamp"
                },
                {
                    "alias": "Read",
                    "bucketAggs": [
                        {
                            "field": "@timestamp",
                            "id": "2",
                            "settings": {
                                "interval": "auto",
                                "min_doc_count": 0,
                                "trimEdges": 0
                            },
                            "type": "date_histogram"
                        }
                    ],
                    "metrics": [
                        {
                            "field": "win_disk.Disk_Reads_persec",
                            "id": "3",
                            "meta": {},
                            "settings": {},
                            "type": "avg"
                        }
                    ],
                    "query": "tag.host: $HostName AND measurement_name: \"win_disk\" AND NOT  tag.instance: Harddisk*",
                    "refId": "B",
                    "timeField": "@timestamp"
                }
            ],
            "thresholds": [],
            "timeFrom": null,
            "timeRegions": [],
            "timeShift": null,
            "title": "Requests to disk per second",
            "tooltip": {
                "shared": true,
                "sort": 0,
                "value_type": "individual"
            },
            "type": "graph",
            "xaxis": {
                "buckets": null,
                "mode": "time",
                "name": null,
                "show": true,
                "values": []
            },
            "yaxes": [
                {
                    "format": "short",
                    "label": null,
                    "logBase": 1,
                    "max": null,
                    "min": null,
                    "show": true
                },
                {
                    "format": "short",
                    "label": null,
                    "logBase": 1,
                    "max": null,
                    "min": null,
                    "show": true
                }
            ],
            "yaxis": {
                "align": false,
                "alignLevel": null
            }
        }
    ],
    "refresh": false,
    "schemaVersion": 22,
    "style": "dark",
    "tags": [
        "Hardware"
    ],
    "templating": {
        "list": [
            {
                "allValue": null,
                "current": {
                    "tags": [],
                    "text": "All",
                    "value": [
                        "$__all"
                    ]
                },
                "datasource": "$DataSource",
                "definition": "{\"find\":\"terms\",\"field\":\"tag.host\"}",
                "hide": 0,
                "includeAll": true,
                "label": "Host",
                "multi": true,
                "name": "HostName",
                "options": [],
                "query": "{\"find\":\"terms\",\"field\":\"tag.host\"}",
                "refresh": 2,
                "regex": "",
                "skipUrlSync": false,
                "sort": 0,
                "tagValuesQuery": "",
                "tags": [],
                "tagsQuery": "",
                "type": "query",
                "useTags": false
            },
            {
                "current": {
                    "text": "telegraf-metrics",
                    "value": "telegraf-metrics"
                },
                "hide": 2,
                "includeAll": false,
                "label": "DatSource",
                "multi": false,
                "name": "DataSource",
                "options": [],
                "query": "elasticsearch",
                "refresh": 1,
                "regex": "/telegraf-met*/",
                "skipUrlSync": false,
                "type": "datasource"
            }
        ]
    },
    "time": {
        "from": "now-24h",
        "to": "now"
    },
    "timepicker": {
        "refresh_intervals": [
            "5s",
            "10s",
            "30s",
            "1m",
            "5m",
            "15m",
            "30m",
            "1h",
            "2h",
            "1d"
        ],
        "time_options": [
            "5m",
            "15m",
            "1h",
            "6h",
            "12h",
            "24h",
            "2d",
            "7d",
            "30d"
        ]
    },
    "timezone": "",
    "title": "Windows Servers",
    "uid": "Dj6lnvVWz",
    "version": null
}
